App,Package,Start Time,Duration,Filename,,,,,,,,,,,,,,,,,,,,,,,,,,,,,,,,,,,
System,,"Sep 7, 2016 @ 02:49:00 AM",16 sec,Sequential.db,,,,,,,,,,,,,,,,,,,,,,,,,,,,,,,,,,,
,,,,,,,,,,,,,,,,,,,,,,,,,,,,,,,,,,,,,,,
Time  [ms],Battery Status,Time  [ms],Battery Power* [uW],Time  [ms],GPU Frequency [KHz],Time  [ms],GPU Load [%],Time  [ms],CPU1 Frequency [kHz],Time  [ms],CPU2 Frequency [kHz],Time  [ms],CPU3 Frequency [kHz],Time  [ms],CPU4 Frequency [kHz],Time  [ms],CPU5 Frequency [kHz],Time  [ms],CPU6 Frequency [kHz],Time  [ms],CPU7 Frequency [kHz],Time  [ms],CPU8 Frequency [kHz],Time  [ms],CPU1 Load [%],Time  [ms],CPU2 Load [%],Time  [ms],CPU3 Load [%],Time  [ms],CPU4 Load [%],Time  [ms],CPU5 Load [%],Time  [ms],CPU6 Load [%],Time  [ms],CPU7 Load [%],Time  [ms],CPU8 Load [%]
6,1,5,2463537,9,180000,9,15,0,1248000,1,1248000,2,1248000,3,1248000,4,1824000,6,1824000,7,1824000,8,1824000,1,25,2,98,3,97,4,97,5,94,6,85,8,93,9,75
16,1,106,3299680,109,180000,109,15,101,1248000,102,1248000,103,1248000,104,1248000,105,1824000,106,1824000,107,1824000,108,1824000,101,40,103,12,104,10,105,18,106,40,107,100,108,10,109,11
107,1,205,1923786,207,180000,208,15,201,1555200,202,1555200,203,1555200,203,1555200,204,1958400,205,1958400,206,1958400,207,1958400,202,37,203,20,203,10,204,22,204,0,206,100,207,20,207,11
206,1,306,2360769,308,180000,309,15,302,1555200,303,1555200,304,1555200,304,1555200,305,1958400,306,1958400,307,1958400,308,1958400,303,50,303,12,304,12,305,11,306,20,307,100,307,0,308,10
307,1,407,2030444,409,180000,410,15,403,1555200,404,1555200,405,1555200,405,1555200,406,1958400,407,1958400,408,1958400,408,1958400,404,37,404,0,405,22,406,11,407,20,407,100,408,20,409,18
407,1,507,2525975,510,180000,510,15,504,1555200,505,1555200,506,1555200,506,1555200,507,1958400,507,1958400,508,1958400,509,1958400,505,55,505,33,506,12,507,11,507,11,508,100,509,10,510,0
508,1,609,1659068,611,180000,612,15,604,1555200,606,1555200,607,1555200,607,1555200,608,1958400,609,1958400,610,1958400,611,1958400,606,12,606,10,607,0,608,11,609,10,610,100,611,0,611,0
610,1,714,1879889,720,180000,721,15,705,1344000,707,1344000,708,1344000,710,1344000,712,1958400,714,1958400,716,1958400,718,1958400,706,60,708,22,710,20,712,0,714,9,716,100,717,0,720,0
716,1,813,1669176,818,180000,819,0,805,1555200,807,1555200,808,1555200,810,1555200,811,1958400,813,1958400,815,1958400,816,1958400,806,33,808,10,810,12,811,9,813,0,814,100,816,0,818,0
815,1,916,1269086,924,180000,925,0,906,1344000,908,1344000,910,1344000,912,1344000,914,1958400,917,1958400,919,1958400,922,1958400,907,10,909,0,912,27,914,0,916,0,919,100,921,0,924,0
919,1,1016,1835196,1022,180000,1022,0,1006,1555200,1008,1555200,1010,1555200,1012,1555200,1014,1958400,1016,1958400,1018,1958400,1020,1958400,1008,50,1009,18,1012,20,1014,20,1016,0,1017,100,1020,0,1022,0
1018,1,1115,1663114,1121,180000,1121,0,1106,1555200,1108,1555200,1110,1555200,1112,1555200,1113,1958400,1115,1958400,1117,1958400,1119,1958400,1108,30,1110,12,1111,30,1113,12,1115,0,1117,100,1118,0,1120,0
1117,1,1214,1914067,1219,180000,1219,0,1207,1555200,1208,1555200,1210,1555200,1211,1555200,1213,1958400,1214,1958400,1216,1958400,1217,1958400,1208,54,1210,27,1211,20,1213,18,1214,0,1216,100,1217,0,1219,0
1216,1,1311,1324502,1314,180000,1314,0,1307,960000,1308,960000,1309,960000,1310,960000,1310,1958400,1311,1958400,1312,1958400,1313,1958400,1308,30,1309,0,1310,18,1310,0,1311,10,1312,100,1312,0,1313,0
1312,1,1415,1746075,1420,180000,1420,0,1408,1478400,1409,1478400,1411,1478400,1412,1478400,1413,1958400,1415,1958400,1416,1958400,1418,1958400,1409,50,1410,18,1412,36,1413,0,1415,0,1416,100,1418,0,1419,0
1416,1,1525,1241132,1533,180000,1534,0,1509,384000,1514,960000,1519,960000,1521,960000,1523,1958400,1526,1958400,1528,1958400,1531,1958400,1513,11,1518,18,1521,25,1523,9,1525,0,1528,100,1530,0,1533,0
1528,1,1619,2150680,1623,180000,1623,0,1609,1555200,1611,1555200,1613,1555200,1615,1555200,1616,1958400,1619,1958400,1621,1958400,1622,1958400,1611,60,1612,14,1614,33,1616,45,1618,0,1620,100,1622,0,1623,0
1621,1,1717,1498201,1722,180000,1723,0,1710,1555200,1711,1555200,1713,1555200,1714,1555200,1716,1958400,1717,1958400,1720,1958400,1721,1958400,1711,33,1713,0,1714,10,1715,18,1717,0,1719,100,1721,0,1722,0
1720,1,1823,1640579,1831,180000,1831,0,1810,1344000,1813,1344000,1815,1344000,1817,1344000,1821,1958400,1824,1958400,1826,1958400,1828,1958400,1812,44,1815,36,1817,23,1820,0,1822,0,1825,100,1828,0,1830,0
1826,1,1918,1627263,1922,180000,1923,0,1910,1555200,1912,1555200,1913,1555200,1915,1555200,1916,1958400,1918,1958400,1919,1958400,1921,1958400,1912,50,1913,11,1915,0,1916,18,1917,0,1919,100,1921,0,1922,0
1919,1,2018,1921237,2023,180000,2024,0,2011,1555200,2012,1555200,2014,1555200,2016,1555200,2017,1958400,2019,1958400,2020,1958400,2022,1958400,2012,80,2014,20,2015,20,2017,0,2018,0,2020,100,2022,0,2023,0
2020,1,2120,2251061,2126,180000,2126,0,2111,1555200,2113,1555200,2116,1555200,2117,1555200,2119,1958400,2121,1958400,2122,1958400,2124,1958400,2113,100,2115,22,2117,22,2118,22,2120,0,2122,100,2124,0,2125,0
2122,1,2220,2362845,2226,180000,2226,0,2212,1555200,2214,1555200,2215,1555200,2217,1555200,2219,1958400,2221,1958400,2222,1958400,2224,1958400,2213,100,2215,30,2217,22,2218,0,2220,20,2222,100,2224,18,2225,20
2222,1,2327,2037547,2333,180000,2333,0,2313,1555200,2316,1555200,2318,1555200,2321,1555200,2325,1958400,2327,1958400,2329,1958400,2332,1958400,2315,30,2317,22,2320,18,2324,10,2326,0,2329,100,2331,0,2333,0
2329,1,2426,1684624,2431,180000,2432,0,2413,1555200,2416,1555200,2419,1555200,2422,1555200,2425,1958400,2426,1958400,2428,1958400,2429,1958400,2415,45,2419,20,2422,22,2424,0,2426,0,2427,100,2429,0,2431,0
2427,1,2520,1491031,2528,180000,2528,0,2513,1555200,2515,1555200,2516,1555200,2517,1555200,2519,1958400,2520,1958400,2522,1958400,2526,1958400,2514,40,2516,20,2517,0,2519,0,2520,0,2522,100,2525,0,2527,0
2522,1,2639,1236909,2649,180000,2651,0,2614,672000,2619,672000,2625,672000,2630,864000,2635,1958400,2639,1958400,2642,1958400,2645,1958400,2618,50,2624,11,2629,18,2633,9,2638,0,2641,100,2645,0,2649,0
2641,1,2727,2208041,2733,180000,2733,0,2714,1555200,2717,1555200,2720,1555200,2723,1555200,2725,1958400,2727,1958400,2730,1958400,2732,1958400,2716,66,2719,44,2722,25,2725,25,2727,0,2730,100,2731,0,2732,0
2730,1,2823,1620093,2829,180000,2829,0,2815,1555200,2817,1555200,2818,1555200,2820,1555200,2822,1958400,2823,1958400,2825,1958400,2827,1958400,2816,40,2818,20,2820,9,2821,9,2823,0,2825,100,2827,0,2829,0
2825,1,2919,1286995,2921,180000,2921,0,2915,768000,2916,768000,2917,768000,2917,768000,2918,1958400,2919,1958400,2919,1958400,2920,1958400,2916,55,2917,22,2917,20,2918,0,2919,0,2919,100,2920,0,2921,0
2919,1,3024,1770038,3029,180000,3029,0,3016,1344000,3017,1344000,3019,1344000,3021,1344000,3022,1958400,3024,1958400,3025,1958400,3027,1958400,3017,66,3019,22,3020,20,3022,18,3023,0,3025,100,3027,0,3028,0
3025,1,3141,1120755,3152,180000,3153,0,3117,384000,3125,384000,3130,384000,3135,460800,3138,1958400,3142,1958400,3145,1958400,3149,1958400,3122,18,3129,20,3134,18,3137,10,3141,0,3144,100,3148,0,3151,0
3144,1,3234,1714124,3244,180000,3245,0,3217,1248000,3221,1248000,3225,1248000,3228,1248000,3231,1958400,3234,1958400,3239,1958400,3241,1958400,3220,62,3224,30,3227,14,3231,25,3234,0,3237,100,3241,0,3244,0
3238,1,3328,1949917,3332,180000,3333,0,3317,1555200,3320,1555200,3323,1555200,3324,1555200,3326,1958400,3328,1958400,3330,1958400,3331,1958400,3320,63,3322,30,3324,20,3326,11,3327,0,3329,100,3331,0,3332,0
3329,1,3433,1268758,3437,180000,3437,0,3418,1555200,3421,1555200,3423,1555200,3427,1555200,3431,1958400,3433,1958400,3435,1958400,3436,1958400,3420,20,3423,0,3426,0,3430,9,3433,0,3435,100,3436,0,3437,0
3435,1,3521,2086149,3523,180000,3523,0,3518,1555200,3519,1555200,3520,1555200,3520,1555200,3521,1958400,3521,1958400,3522,1958400,3523,1958400,3519,55,3519,54,3520,22,3521,12,3521,0,3522,100,3522,0,3523,0
3522,1,3624,1271058,3626,180000,3626,0,3619,600000,3620,600000,3621,600000,3622,600000,3623,1958400,3624,1958400,3625,1958400,3625,1958400,3620,25,3621,0,3622,0,3623,0,3624,16,3624,100,3625,0,3626,0
3624,1,3726,1713752,3731,180000,3732,0,3719,1344000,3720,1344000,3721,1344000,3723,1344000,3725,1958400,3726,1958400,3728,1958400,3730,1958400,3720,50,3721,30,3723,27,3724,9,3726,0,3728,100,3730,0,3731,0
3728,1,3826,1935577,3830,180000,3831,0,3820,1555200,3821,1555200,3823,1555200,3824,1555200,3825,1958400,3827,1958400,3828,1958400,3829,1958400,3821,62,3822,30,3824,30,3825,0,3826,0,3827,100,3829,0,3830,0
3828,1,3940,1231552,3949,180000,3950,0,3921,960000,3925,960000,3928,960000,3932,960000,3936,1958400,3941,1958400,3944,1958400,3947,1958400,3924,18,3927,18,3931,0,3935,16,3939,0,3943,100,3946,0,3949,0
3944,1,4032,1864675,4042,180000,4042,0,4021,1478400,4023,1478400,4025,1478400,4027,1478400,4030,1958400,4033,1958400,4036,1958400,4038,1958400,4023,55,4025,22,4027,12,4029,33,4032,0,4035,100,4038,0,4041,0
4035,1,4130,1770665,4136,180000,4137,0,4122,1555200,4124,1555200,4125,1555200,4127,1555200,4129,1958400,4130,1958400,4132,1958400,4134,1958400,4123,60,4125,11,4127,18,4128,10,4130,0,4132,100,4134,0,4136,0
4132,1,4237,1469521,4243,180000,4243,0,4222,1555200,4225,1555200,4228,1555200,4231,1555200,4234,1958400,4237,1958400,4240,1958400,4242,1958400,4225,30,4228,0,4230,27,4233,0,4236,0,4239,100,4241,0,4242,0
4240,1,4330,1849536,4334,180000,4335,0,4323,1555200,4324,1555200,4326,1555200,4327,1555200,4329,1958400,4330,1958400,4332,1958400,4333,1958400,4324,50,4325,30,4327,30,4329,0,4330,0,4331,100,4333,0,4334,0
4331,1,4433,1498201,4438,180000,4438,0,4423,1555200,4425,1555200,4427,1555200,4429,1555200,4431,1958400,4433,1958400,4435,1958400,4436,1958400,4425,30,4427,20,4429,11,4431,0,4432,0,4434,100,4436,0,4437,0
4434,1,4533,1684624,4540,180000,4540,0,4523,1555200,4525,1555200,4527,1555200,4529,1555200,4531,1958400,4533,1958400,4536,1958400,4538,1958400,4525,50,4527,0,4529,27,4531,10,4533,0,4535,100,4537,0,4539,0
4535,1,4634,1569902,4641,180000,4642,0,4624,1555200,4626,1555200,4628,1555200,4630,1555200,4632,1958400,4635,1958400,4637,1958400,4639,1958400,4625,30,4627,10,4630,11,4632,20,4634,0,4636,100,4639,0,4641,0
4637,1,4732,1899727,4738,180000,4738,0,4724,1555200,4726,1555200,4728,1555200,4729,1555200,4731,1958400,4732,1958400,4734,1958400,4736,1958400,4726,50,4727,30,4729,27,4730,10,4732,0,4734,100,4736,0,4737,0
4734,1,4842,1455181,4844,180000,4844,0,4825,1555200,4829,1555200,4833,1555200,4838,1555200,4840,1958400,4842,1958400,4843,1958400,4844,1958400,4829,36,4832,9,4837,10,4840,0,4842,0,4843,100,4843,0,4844,0
4843,1,4929,1959057,4931,180000,4931,0,4925,1555200,4926,1555200,4927,1555200,4928,1555200,4928,1958400,4929,1958400,4930,1958400,4930,1958400,4926,60,4927,37,4928,12,4928,0,4929,11,4929,100,4930,0,4931,0
4930,1,5048,1097459,5059,180000,5060,0,5027,384000,5032,384000,5036,460800,5041,460800,5045,1958400,5049,1958400,5054,1958400,5057,1958400,5031,11,5036,8,5040,18,5044,0,5048,0,5053,92,5056,0,5059,0
5053,1,5136,1803374,5142,180000,5143,0,5127,1344000,5129,1344000,5131,1344000,5133,1344000,5135,1958400,5137,1958400,5138,1958400,5140,1958400,5128,66,5130,22,5132,37,5134,22,5136,0,5138,100,5140,0,5142,0
5138,1,5236,1706134,5242,180000,5242,0,5227,1555200,5230,1555200,5231,1555200,5233,1555200,5235,1958400,5237,1958400,5239,1958400,5240,1958400,5229,50,5231,20,5233,20,5234,0,5236,0,5238,100,5240,0,5242,0
5238,1,5344,1253266,5359,180000,5360,0,5328,864000,5331,864000,5334,864000,5337,864000,5340,1958400,5344,1958400,5349,1958400,5356,1958400,5330,33,5333,11,5336,25,5339,0,5343,0,5347,100,5353,0,5359,0
5347,1,5438,2658495,5442,180000,5442,0,5429,1555200,5431,1555200,5432,1555200,5434,1555200,5436,1958400,5438,1958400,5440,1958400,5441,1958400,5430,60,5432,40,5434,44,5436,30,5437,33,5439,100,5441,11,5442,22
5439,1,5536,1769403,5540,180000,5541,0,5529,1555200,5531,1555200,5532,1555200,5533,1555200,5535,1958400,5536,1958400,5538,1958400,5539,1958400,5530,30,5532,10,5533,0,5535,10,5536,0,5537,100,5539,0,5540,0
5537,1,5651,1162370,5663,180000,5663,0,5630,460800,5634,460800,5640,460800,5644,460800,5648,1958400,5652,1958400,5656,1958400,5660,1958400,5633,44,5639,22,5643,9,5647,16,5651,0,5655,100,5658,0,5662,0
5655,1,5751,1361608,5762,180000,5763,0,5731,768000,5736,768000,5740,768000,5744,768000,5748,1958400,5753,1958400,5756,1958400,5759,1958400,5734,50,5739,37,5743,22,5747,20,5750,0,5755,100,5759,0,5762,0
5755,1,5839,1935577,5844,180000,5844,0,5831,1555200,5833,1555200,5835,1555200,5836,1555200,5838,1958400,5839,1958400,5841,1958400,5842,1958400,5832,70,5834,40,5836,0,5837,12,5839,0,5840,100,5842,0,5844,0
5841,1,5954,1164887,5962,180000,5963,0,5932,600000,5937,600000,5944,600000,5948,672000,5951,1958400,5954,1958400,5957,1958400,5960,1958400,5936,0,5942,27,5947,16,5950,18,5953,0,5956,100,5959,0,5962,0
5957,1,6042,2007456,6048,180000,6049,0,6032,1248000,6034,1248000,6036,1344000,6038,1344000,6040,1958400,6042,1958400,6044,1958400,6046,1958400,6034,80,6036,50,6038,28,6040,25,6042,0,6044,100,6046,0,6048,0
6044,1,6140,1706134,6145,180000,6146,0,6132,1555200,6134,1555200,6136,1555200,6137,1555200,6139,1958400,6140,1958400,6142,1958400,6144,1958400,6134,40,6136,20,6137,10,6139,20,6140,0,6142,100,6143,0,6145,0
6142,1,6250,1278914,6257,180000,6257,0,6233,1248000,6237,1248000,6241,1344000,6244,1344000,6248,1958400,6251,1958400,6253,1958400,6255,1958400,6237,11,6240,0,6243,9,6247,20,6250,0,6252,100,6254,0,6256,0
6252,1,6342,1772430,6347,180000,6347,0,6333,1478400,6335,1478400,6337,1478400,6339,1478400,6340,1958400,6342,1958400,6344,1958400,6345,1958400,6335,44,6337,12,6338,22,6340,30,6341,0,6343,100,6345,0,6346,0
6343,1,6447,1591413,6454,180000,6454,0,6434,1555200,6437,1555200,6440,1555200,6442,1555200,6445,1958400,6448,1958400,6450,1958400,6453,1958400,6437,37,6439,9,6442,10,6444,18,6447,0,6449,100,6452,0,6454,0
6450,1,6538,2056000,6540,180000,6540,0,6534,1555200,6535,1555200,6536,1555200,6536,1555200,6537,1958400,6538,1958400,6538,1958400,6539,1958400,6535,60,6536,22,6536,30,6537,12,6538,10,6538,100,6539,0,6539,0
6538,1,6650,1261588,6653,180000,6653,0,6635,1555200,6639,1555200,6642,1555200,6644,1555200,6647,1958400,6650,1958400,6652,1958400,6652,1958400,6638,10,6641,9,6644,0,6646,9,6649,0,6651,100,6652,0,6653,0
6651,1,6742,1763495,6746,180000,6746,0,6735,1555200,6737,1555200,6738,1555200,6739,1555200,6741,1958400,6742,1958400,6743,1958400,6745,1958400,6737,44,6738,33,6739,10,6740,11,6742,0,6743,100,6745,0,6746,0
6743,1,6850,1110696,6855,180000,6856,0,6836,1248000,6839,1248000,6842,1248000,6846,1248000,6848,1958400,6850,1958400,6852,1958400,6853,1958400,6839,0,6841,10,6844,0,6848,0,6850,0,6851,100,6853,0,6855,0
6852,1,6944,1756325,6949,180000,6950,0,6937,1555200,6939,1555200,6940,1555200,6942,1555200,6943,1958400,6944,1958400,6946,1958400,6948,1958400,6938,54,6940,33,6941,0,6943,10,6944,0,6946,100,6947,0,6949,0
6946,1,7063,1524157,7070,180000,7070,0,7038,1248000,7041,1248000,7045,1248000,7050,1248000,7058,1958400,7064,1958400,7066,1958400,7068,1958400,7040,12,7044,20,7049,9,7056,20,7063,15,7065,100,7067,0,7069,0
7065,1,7142,3677910,7144,180000,7144,0,7139,1555200,7140,1555200,7140,1555200,7141,1555200,7142,1958400,7142,1958400,7143,1958400,7143,1958400,7140,100,7140,88,7141,77,7141,100,7142,0,7143,100,7143,30,7144,0
7143,1,7243,2397227,7245,180000,7246,0,7239,1555200,7240,1555200,7241,1555200,7242,1555200,7242,1958400,7243,1958400,7244,1958400,7245,1958400,7240,42,7241,12,7241,77,7242,11,7243,0,7244,100,7245,0,7245,10
7244,1,7348,2636778,7353,180000,7353,0,7340,1555200,7340,1555200,7341,1555200,7344,1555200,7346,1958400,7348,1958400,7352,1958400,7352,1958400,7340,60,7341,60,7343,22,7346,63,7348,0,7351,100,7352,0,7353,0
7351,1,7448,2071809,7452,180000,7452,0,7440,1555200,7442,1555200,7443,1555200,7445,1555200,7447,1958400,7448,1958400,7450,1958400,7451,1958400,7441,55,7443,30,7445,44,7446,12,7448,0,7449,100,7451,0,7452,0
7449,1,7548,1849536,7552,180000,7552,0,7541,1555200,7542,1555200,7544,1555200,7545,1555200,7546,1958400,7548,1958400,7549,1958400,7551,1958400,7542,40,7543,30,7545,18,7546,22,7547,0,7549,100,7551,0,7552,0
7549,1,7652,1727644,7660,180000,7660,0,7641,1555200,7643,1555200,7646,1555200,7648,1555200,7650,1958400,7653,1958400,7655,1958400,7657,1958400,7643,44,7645,11,7647,18,7650,20,7652,0,7654,100,7657,0,7659,0
7655,1,7750,1577072,7756,180000,7756,0,7742,1555200,7743,1555200,7745,1555200,7747,1555200,7748,1958400,7750,1958400,7752,1958400,7754,1958400,7743,40,7745,22,7746,10,7748,0,7750,0,7752,100,7754,0,7755,0
7752,1,7855,1600846,7861,180000,7862,0,7842,1555200,7845,1555200,7848,1555200,7850,1555200,7853,1958400,7855,1958400,7857,1958400,7859,1958400,7844,44,7847,0,7850,0,7853,18,7855,9,7857,100,7859,0,7861,0
7857,1,7951,1871046,7956,180000,7957,0,7942,1555200,7945,1555200,7946,1555200,7948,1555200,7950,1958400,7952,1958400,7953,1958400,7955,1958400,7944,44,7946,33,7948,36,7949,0,7951,0,7953,100,7955,0,7956,0
7953,1,8057,1491031,8062,180000,8063,0,8043,1555200,8046,1555200,8048,1555200,8051,1555200,8054,1958400,8057,1958400,8059,1958400,8061,1958400,8045,20,8048,18,8051,22,8054,0,8057,0,8059,100,8061,0,8062,0
8059,1,8152,1734814,8159,180000,8159,0,8144,1555200,8145,1555200,8147,1555200,8149,1555200,8151,1958400,8153,1958400,8154,1958400,8157,1958400,8145,37,8146,10,8148,27,8150,20,8152,0,8154,100,8156,0,8158,0
8154,1,8247,1799345,8249,180000,8250,0,8244,1555200,8245,1555200,8246,1555200,8246,1555200,8247,1958400,8248,1958400,8248,1958400,8249,1958400,8245,50,8245,22,8246,11,8247,20,8247,0,8248,100,8249,0,8249,0
8248,1,8352,1562732,8359,180000,8359,0,8344,1555200,8346,1555200,8348,1555200,8349,1555200,8351,1958400,8352,1958400,8354,1958400,8357,1958400,8346,40,8347,20,8349,10,8350,0,8352,0,8354,100,8356,0,8358,0
8354,1,8451,1272208,8455,180000,8455,0,8445,600000,8447,600000,8449,600000,8449,600000,8450,1958400,8452,1958400,8453,1958400,8454,1958400,8447,37,8448,10,8449,0,8450,18,8451,10,8453,100,8454,0,8455,0
8453,1,8550,1550284,8552,180000,8553,0,8546,960000,8547,960000,8548,960000,8549,960000,8549,1958400,8550,1958400,8551,1958400,8552,1958400,8547,60,8548,20,8549,40,8549,0,8550,9,8551,100,8551,0,8552,0
8551,1,8650,1562732,8652,180000,8652,0,8646,1555200,8647,1555200,8648,1555200,8648,1555200,8649,1958400,8650,1958400,8650,1958400,8651,1958400,8647,50,8648,10,8648,10,8649,0,8650,0,8650,100,8651,0,8652,0
8650,1,8750,1753323,8752,180000,8752,0,8747,1478400,8748,1478400,8748,1478400,8749,1478400,8750,1958400,8750,1958400,8751,1958400,8752,1958400,8747,37,8748,20,8749,20,8749,12,8750,10,8751,100,8751,0,8752,0
8751,1,8857,1376310,8862,180000,8862,0,8847,1555200,8849,1555200,8851,1555200,8853,1555200,8855,1958400,8857,1958400,8858,1958400,8860,1958400,8849,44,8851,0,8853,0,8855,0,8856,0,8858,100,8860,0,8861,0
8858,1,8963,1390272,8979,180000,8981,0,8948,1478400,8953,1478400,8955,1478400,8957,1478400,8960,1958400,8964,1958400,8967,1958400,8976,1958400,8952,22,8955,18,8957,10,8960,0,8963,0,8966,100,8975,10,8978,0
8966,1,9057,1990000,9062,180000,9062,0,9048,1555200,9050,1555200,9052,1555200,9053,1555200,9055,1958400,9057,1958400,9059,1958400,9060,1958400,9050,50,9052,30,9053,20,9055,0,9056,10,9058,100,9060,20,9061,0
9059,1,9173,1323858,9184,180000,9184,0,9150,384000,9155,384000,9160,460800,9165,460800,9169,1958400,9173,1958400,9177,1958400,9180,1958400,9154,11,9159,0,9164,10,9168,27,9172,0,9176,100,9180,0,9183,0
9176,1,9265,1489905,9274,180000,9274,0,9251,864000,9253,864000,9257,864000,9260,960000,9263,1958400,9265,1958400,9269,1958400,9271,1958400,9253,63,9256,22,9259,30,9262,33,9265,0,9268,100,9271,0,9273,0
9268,1,9360,2427964,9366,180000,9366,0,9351,1478400,9353,1478400,9355,1478400,9357,1478400,9359,1958400,9361,1958400,9362,1958400,9364,1958400,9353,66,9354,54,9356,40,9358,33,9360,9,9362,100,9364,0,9365,0
9362,1,9462,1512542,9470,180000,9470,0,9451,1555200,9454,1555200,9456,1555200,9458,1555200,9460,1958400,9463,1958400,9465,1958400,9467,1958400,9454,22,9456,10,9458,22,9460,9,9462,0,9464,100,9466,0,9469,0
9464,1,9565,1512542,9572,180000,9572,0,9552,1555200,9555,1555200,9558,1555200,9561,1555200,9563,1958400,9565,1958400,9568,1958400,9570,1958400,9554,33,9557,0,9560,20,9563,10,9565,0,9567,100,9569,0,9571,0
9567,1,9660,1634433,9667,180000,9667,0,9652,1555200,9654,1555200,9655,1555200,9657,1555200,9658,1958400,9660,1958400,9662,1958400,9664,1958400,9654,33,9655,27,9657,20,9658,0,9660,0,9661,100,9664,0,9666,0
9661,1,9766,1413519,9772,180000,9773,0,9753,1555200,9755,1555200,9758,1555200,9761,1478400,9763,1958400,9766,1958400,9769,1958400,9771,1958400,9755,40,9757,0,9760,0,9763,10,9765,0,9769,100,9771,0,9772,0
9769,1,9861,1813685,9865,180000,9865,0,9853,1555200,9855,1555200,9856,1555200,9858,1555200,9859,1958400,9861,1958400,9862,1958400,9864,1958400,9854,42,9856,22,9857,30,9859,11,9860,0,9862,100,9863,0,9865,0
9862,1,9969,1269540,9979,180000,9980,0,9954,864000,9957,864000,9960,864000,9963,960000,9967,1958400,9970,1958400,9973,1958400,9976,1958400,9956,36,9959,20,9963,0,9966,16,9969,0,9972,100,9975,0,9978,0
9973,1,10065,1858087,10071,180000,10072,0,10054,1478400,10056,1478400,10059,1478400,10061,1478400,10063,1958400,10065,1958400,10067,1958400,10069,1958400,10055,55,10058,44,10060,22,10062,0,10064,0,10066,100,10069,0,10071,0
10067,1,10167,1254418,10174,180000,10174,0,10154,1555200,10157,1555200,10160,1555200,10164,1555200,10166,1958400,10168,1958400,10170,1958400,10172,1958400,10157,0,10160,27,10163,0,10165,0,10167,0,10169,100,10171,0,10173,0
10169,1,10263,1677454,10268,180000,10269,0,10255,1555200,10256,1555200,10258,1555200,10260,1555200,10261,1958400,10263,1958400,10265,1958400,10267,1958400,10256,42,10258,22,10259,22,10261,0,10263,0,10265,100,10266,0,10268,0
10265,1,10366,1440841,10376,180000,10376,0,10355,1555200,10357,1555200,10359,1555200,10361,1555200,10363,1958400,10366,1958400,10370,1958400,10374,1958400,10357,33,10359,20,10360,0,10362,0,10365,0,10369,100,10373,0,10375,0
10369,1,10459,1978598,10461,180000,10461,0,10456,1555200,10457,1555200,10457,1555200,10458,1555200,10459,1958400,10459,1958400,10460,1958400,10460,1958400,10456,50,10457,33,10458,12,10458,33,10459,0,10460,100,10460,0,10461,0
10460,1,10561,1419330,10563,180000,10563,0,10556,1555200,10557,1555200,10558,1555200,10559,1555200,10560,1958400,10561,1958400,10562,1958400,10562,1958400,10557,40,10558,0,10559,10,10560,0,10561,0,10561,91,10562,10,10563,0
10562,1,10661,1124894,10665,180000,10666,0,10657,600000,10658,600000,10659,600000,10660,600000,10661,1958400,10662,1958400,10662,1958400,10663,1958400,10658,33,10659,0,10660,0,10661,0,10661,0,10662,100,10663,0,10664,0
10662,1,10761,1574487,10764,180000,10764,0,10757,1248000,10759,1248000,10759,1248000,10760,1248000,10761,1958400,10762,1958400,10762,1958400,10763,1958400,10758,55,10759,11,10760,27,10761,10,10761,0,10762,100,10763,0,10764,0
10762,1,10862,1648773,10864,180000,10864,0,10858,1555200,10859,1555200,10860,1555200,10860,1555200,10861,1958400,10862,1958400,10862,1958400,10863,1958400,10859,62,10859,20,10860,0,10861,0,10862,0,10862,100,10863,0,10864,0
10862,1,10963,1612222,10966,180000,10966,0,10959,1344000,10960,1344000,10961,1344000,10962,1344000,10963,1958400,10963,1958400,10964,1958400,10965,1958400,10960,20,10961,18,10962,27,10962,16,10963,9,10964,100,10965,0,10965,0
10964,1,11062,1898258,11064,180000,11064,0,11059,1555200,11060,1555200,11060,1555200,11061,1555200,11062,1958400,11062,1958400,11063,1958400,11064,1958400,11060,66,11060,25,11061,0,11062,11,11062,10,11063,100,11063,0,11064,0
11063,1,11174,1078244,11186,180000,11187,0,11160,384000,11161,384000,11162,384000,11166,460800,11170,1958400,11175,1958400,11179,1958400,11183,1958400,11161,11,11162,0,11166,9,11170,0,11174,0,11178,100,11182,0,11186,0
11178,1,11269,1696866,11275,180000,11275,0,11260,1344000,11262,1344000,11264,1344000,11266,1344000,11267,1958400,11269,1958400,11271,1958400,11273,1958400,11262,60,11263,25,11265,28,11267,0,11269,0,11270,100,11272,0,11274,0
11271,1,11368,1476691,11372,180000,11373,0,11361,1555200,11362,1555200,11364,1555200,11365,1555200,11367,1958400,11368,1958400,11370,1958400,11371,1958400,11362,40,11363,0,11365,18,11366,0,11368,0,11370,100,11371,0,11372,0
11370,1,11477,1482357,11484,180000,11485,0,11462,960000,11465,960000,11469,1248000,11473,1248000,11475,1958400,11478,1958400,11480,1958400,11482,1958400,11464,30,11468,27,11472,20,11475,27,11477,0,11479,100,11482,0,11484,0
11480,1,11570,2093319,11575,180000,11576,0,11562,1555200,11564,1555200,11565,1555200,11567,1555200,11569,1958400,11570,1958400,11572,1958400,11574,1958400,11563,60,11565,41,11567,33,11568,10,11570,0,11572,100,11573,0,11575,0
11572,1,11680,1326713,11689,180000,11689,0,11662,1248000,11667,1248000,11672,1344000,11675,1344000,11678,1958400,11681,1958400,11684,1958400,11687,1958400,11665,22,11671,11,11674,18,11677,0,11680,0,11683,100,11686,0,11688,0
11683,1,11772,1863876,11778,180000,11778,0,11763,1555200,11765,1555200,11766,1555200,11769,1555200,11771,1958400,11773,1958400,11774,1958400,11776,1958400,11764,60,11766,12,11768,40,11770,0,11772,0,11774,100,11776,0,11777,0
11774,1,11887,1124430,11895,180000,11896,0,11864,460800,11870,460800,11876,460800,11881,460800,11884,1958400,11887,1958400,11890,1958400,11892,1958400,11869,22,11875,10,11880,0,11884,25,11886,0,11889,100,11892,0,11895,0
11889,1,11976,1594435,11983,180000,11984,0,11964,1248000,11967,1248000,11969,1248000,11972,1248000,11974,1958400,11976,1958400,11978,1958400,11981,1958400,11966,50,11969,20,11971,25,11973,12,11976,0,11978,100,11980,0,11982,0
11978,1,12073,1813685,12079,180000,12079,0,12064,1555200,12067,1555200,12068,1555200,12070,1555200,12072,1958400,12074,1958400,12075,1958400,12077,1958400,12066,37,12068,37,12070,11,12071,20,12073,0,12075,100,12077,0,12078,0
12075,1,12180,1429864,12187,180000,12188,0,12165,1248000,12170,1248000,12174,1248000,12176,1248000,12178,1958400,12181,1958400,12183,1958400,12185,1958400,12168,11,12173,27,12175,27,12177,9,12180,0,12183,100,12185,0,12187,0
12183,1,12274,1949917,12279,180000,12280,0,12265,1555200,12267,1555200,12269,1555200,12271,1555200,12273,1958400,12274,1958400,12276,1958400,12278,1958400,12267,60,12269,22,12271,22,12272,20,12274,0,12276,100,12277,0,12279,0
12276,1,12385,1170540,12392,180000,12392,0,12367,1248000,12371,1248000,12374,1248000,12378,1248000,12382,1958400,12385,1958400,12388,1958400,12390,1958400,12370,11,12373,0,12377,0,12381,11,12385,0,12387,100,12389,0,12391,0
12387,1,12475,1906897,12481,180000,12482,0,12467,1555200,12469,1555200,12470,1555200,12472,1555200,12474,1958400,12475,1958400,12477,1958400,12479,1958400,12468,44,12470,22,12472,22,12473,30,12475,0,12477,100,12479,10,12481,0
12477,1,12577,1673047,12582,180000,12583,0,12567,1555200,12569,1555200,12571,1555200,12573,1555200,12575,1958400,12577,1958400,12579,1958400,12581,1958400,12569,11,12571,10,12573,0,12575,20,12577,20,12579,100,12581,0,12582,18
12579,1,12674,1932933,12679,180000,12679,0,12667,1555200,12669,1555200,12670,1555200,12672,1555200,12673,1958400,12675,1958400,12676,1958400,12677,1958400,12669,50,12670,33,12672,12,12673,0,12674,0,12676,100,12677,0,12679,0
12676,1,12778,1364233,12780,180000,12781,0,12769,1555200,12772,1555200,12774,1555200,12776,1555200,12777,1958400,12778,1958400,12779,1958400,12780,1958400,12771,11,12773,18,12775,0,12777,0,12778,9,12779,100,12780,9,12780,0
12779,1,12872,1909160,12874,180000,12874,0,12869,1555200,12870,1555200,12870,1555200,12871,1555200,12871,1958400,12872,1958400,12873,1958400,12873,1958400,12869,50,12870,33,12871,11,12871,11,12872,0,12873,100,12873,0,12874,0
12873,1,12975,1196457,12977,180000,12978,0,12969,960000,12971,960000,12972,960000,12973,960000,12974,1958400,12975,1958400,12976,1958400,12977,1958400,12971,0,12972,9,12973,0,12974,0,12975,10,12976,100,12977,0,12977,0
12976,1,13073,1641311,13075,180000,13075,0,13070,1478400,13071,1478400,13071,1478400,13072,1478400,13073,1958400,13073,1958400,13074,1958400,13075,1958400,13070,50,13071,22,13072,0,13072,0,13073,10,13074,100,13074,0,13075,0
13074,1,13175,1684624,13177,180000,13177,0,13170,1555200,13172,1555200,13172,1555200,13173,1555200,13174,1958400,13175,1958400,13175,1958400,13176,1958400,13171,37,13172,20,13173,20,13174,10,13174,0,13175,100,13176,0,13177,0
13175,1,13276,1324650,13279,180000,13279,0,13271,1555200,13273,1555200,13274,1555200,13275,1555200,13276,1958400,13277,1958400,13277,1958400,13278,1958400,13272,22,13274,0,13274,0,13275,0,13276,10,13277,100,13278,0,13278,0
13277,1,13375,1711835,13377,180000,13377,0,13371,1555200,13372,1555200,13373,1555200,13374,1555200,13374,1958400,13375,1958400,13376,1958400,13376,1958400,13372,45,13373,22,13374,9,13374,0,13375,10,13376,100,13376,0,13377,0
13376,1,13477,1132242,13479,180000,13479,0,13472,460800,13474,460800,13474,460800,13475,460800,13476,1958400,13477,1958400,13478,1958400,13478,1958400,13473,33,13474,11,13475,11,13476,9,13477,0,13477,100,13478,0,13479,0
13477,1,13577,1244899,13580,180000,13580,0,13573,864000,13574,864000,13575,864000,13576,864000,13577,1958400,13577,1958400,13578,1958400,13579,1958400,13574,55,13575,11,13576,0,13576,0,13577,0,13578,100,13579,18,13579,0
13578,1,13677,2193992,13679,180000,13680,0,13674,1478400,13675,1478400,13675,1478400,13676,1478400,13677,1958400,13678,1958400,13678,1958400,13679,1958400,13675,57,13675,45,13676,30,13677,11,13677,0,13678,100,13679,0,13679,0
13678,1,13778,1412160,13780,180000,13780,0,13774,1555200,13775,1555200,13776,1555200,13776,1555200,13777,1958400,13778,1958400,13778,1958400,13779,1958400,13775,30,13776,10,13776,9,13777,0,13778,0,13778,100,13779,10,13780,0
13778,1,13880,1243903,13882,180000,13883,0,13875,460800,13877,460800,13878,460800,13879,460800,13879,1958400,13880,1958400,13881,1958400,13882,1958400,13876,30,13878,27,13878,12,13879,0,13880,0,13881,100,13881,0,13882,0
13881,1,13979,1495908,13981,180000,13982,0,13976,864000,13976,864000,13977,864000,13978,864000,13979,1958400,13979,1958400,13980,1958400,13981,1958400,13976,66,13977,50,13978,20,13979,20,13979,0,13980,100,13980,9,13981,0
13980,1,14084,1713538,14090,180000,14091,0,14076,1344000,14078,1344000,14080,1344000,14081,1344000,14083,1958400,14085,1958400,14087,1958400,14089,1958400,14078,44,14079,22,14081,18,14083,15,14084,0,14087,100,14088,9,14090,0
14087,1,14197,1239697,14207,180000,14208,0,14178,384000,14183,460800,14188,460800,14191,600000,14194,1958400,14198,1958400,14202,1958400,14205,1958400,14182,40,14187,11,14191,18,14194,10,14197,0,14201,100,14204,0,14207,0
14201,1,14289,2008357,14296,180000,14296,0,14278,1248000,14280,1248000,14282,1248000,14285,1248000,14287,1958400,14289,1958400,14291,1958400,14293,1958400,14279,66,14282,44,14284,50,14286,30,14288,0,14291,100,14293,0,14295,0
14291,1,14387,1777835,14392,180000,14392,0,14378,1555200,14380,1555200,14382,1555200,14384,1555200,14386,1958400,14387,1958400,14389,1958400,14391,1958400,14380,50,14381,27,14383,11,14385,12,14387,0,14389,100,14391,0,14392,0
14389,1,14501,1186330,14511,180000,14512,0,14479,864000,14487,864000,14491,864000,14494,1248000,14497,1958400,14501,1958400,14505,1958400,14508,1958400,14485,27,14490,0,14493,18,14497,0,14500,0,14504,100,14507,0,14511,0
14504,1,14590,2344272,14594,180000,14594,0,14579,1555200,14581,1555200,14584,1555200,14586,1555200,14588,1958400,14590,1958400,14592,1958400,14593,1958400,14581,66,14583,50,14585,30,14588,33,14590,0,14592,100,14593,0,14594,0
14592,1,14683,1476691,14685,180000,14686,0,14679,1555200,14680,1555200,14681,1555200,14682,1555200,14683,1958400,14683,1958400,14684,1958400,14685,1958400,14680,36,14681,11,14682,11,14682,0,14683,0,14684,100,14685,0,14685,0
14684,1,14785,1916330,14787,180000,14788,0,14780,1555200,14782,1555200,14783,1555200,14784,1555200,14785,1958400,14785,1958400,14786,1958400,14787,1958400,14782,45,14783,30,14784,11,14784,20,14785,9,14786,100,14787,0,14787,0
14786,1,14886,1625794,14889,180000,14889,0,14881,1555200,14882,1555200,14883,1555200,14884,1555200,14885,1958400,14886,1958400,14887,1958400,14888,1958400,14882,37,14883,18,14884,0,14885,9,14886,10,14887,100,14887,0,14888,0
14887,1,14987,1421246,14990,180000,14991,0,14982,1248000,14984,1248000,14985,1248000,14986,1248000,14987,1958400,14988,1958400,14989,1958400,14990,1958400,14983,33,14985,18,14986,0,14986,0,14987,10,14988,100,14989,0,14990,0
14988,1,15086,1668815,15088,180000,15088,0,15082,1555200,15083,1555200,15084,1555200,15085,1555200,15085,1958400,15086,1958400,15087,1958400,15087,1958400,15083,40,15084,10,15085,10,15085,10,15086,10,15086,100,15087,0,15088,0
15086,1,15188,1507602,15190,180000,15191,0,15183,960000,15185,960000,15186,960000,15187,960000,15188,1958400,15188,1958400,15189,1958400,15190,1958400,15185,54,15186,33,15187,10,15187,10,15188,9,15189,100,15190,0,15190,0
15189,1,15288,1476691,15290,180000,15290,0,15284,1555200,15285,1555200,15286,1555200,15286,1555200,15287,1958400,15288,1958400,15288,1958400,15289,1958400,15285,36,15285,22,15286,0,15287,0,15287,0,15288,100,15289,0,15290,0
15288,1,15388,1812217,15390,180000,15391,0,15384,1555200,15385,1555200,15386,1555200,15387,1555200,15387,1958400,15388,1958400,15389,1958400,15390,1958400,15385,50,15386,20,15387,20,15387,0,15388,10,15389,100,15390,0,15390,0
15389,1,15506,1179318,15517,180000,15518,0,15485,672000,15490,672000,15494,672000,15498,768000,15502,1958400,15506,1958400,15510,1958400,15514,1958400,15489,33,15494,11,15497,18,15502,0,15505,0,15509,100,15513,0,15517,0
15510,1,15552,1586138,15560,180000,15561,0,15537,960000,15540,960000,15543,960000,15546,960000,15549,1958400,15552,1958400,15555,1958400,15557,1958400,15539,50,15543,40,15546,50,15549,20,15551,0,15554,100,15557,0,15559,0
15555,1,15649,2014448,15653,180000,15653,0,15638,1555200,15640,1555200,15642,1555200,15644,1555200,15647,1958400,15649,1958400,15651,1958400,15652,1958400,15639,60,15642,30,15644,33,15646,10,15648,0,15651,100,15652,0,15653,0
15651,1,15747,1871046,15752,180000,15753,0,15738,1555200,15740,1555200,15742,1555200,15743,1555200,15745,1958400,15747,1958400,15750,1958400,15751,1958400,15740,54,15741,22,15743,10,15745,27,15747,0,15749,100,15751,0,15752,0
15749,1,15865,1163486,15880,180000,15881,0,15839,460800,15845,460800,15850,460800,15856,460800,15861,1958400,15865,1958400,15874,1958400,15877,1958400,15843,36,15849,20,15855,18,15859,18,15864,0,15872,100,15876,0,15880,0
15873,1,15954,2186933,15961,180000,15961,0,15939,1248000,15943,1344000,15947,1344000,15950,1344000,15952,1958400,15954,1958400,15957,1958400,15959,1958400,15942,75,15946,50,15949,50,15952,11,15954,12,15956,100,15958,0,15960,0
15956,1,16055,1438328,16062,180000,16063,0,16040,1478400,16042,600000,16046,600000,16049,600000,16052,1958400,16055,1958400,16058,1958400,16060,1958400,16041,45,16045,30,16048,10,16052,10,16055,0,16057,100,16060,0,16062,0
16057,1,16162,1135589,16175,180000,16176,0,16141,460800,16145,460800,16150,460800,16155,600000,16159,1958400,16163,1958400,16167,1958400,16172,1958400,16144,22,16149,25,16154,20,16158,0,16162,0,16166,100,16171,0,16174,0
16166,1,16252,1758398,16261,180000,16262,0,16241,1248000,16243,1344000,16246,1344000,16248,1344000,16250,1958400,16253,1958400,16255,1958400,16258,1958400,16243,62,16245,45,16247,12,16250,12,16252,0,16254,100,16257,0,16260,0
16255,1,16350,1971428,16355,180000,16356,0,16341,1555200,16343,1555200,16345,1555200,16347,1555200,16348,1958400,16350,1958400,16352,1958400,16353,1958400,16343,45,16345,50,16346,20,16348,12,16350,0,16351,100,16353,0,16355,0
16352,1,16454,1633694,16461,180000,16461,0,16442,1344000,16444,1344000,16446,1478400,16449,1478400,16452,1958400,16454,1958400,16456,1958400,16459,1958400,16443,33,16446,36,16448,18,16452,10,16454,0,16456,100,16458,0,16460,0
16456,1,16551,1620093,16557,180000,16558,0,16542,1555200,16544,1555200,16546,1555200,16547,1555200,16549,1958400,16551,1958400,16554,1958400,16555,1958400,16544,37,16545,11,16547,10,16549,20,16551,0,16553,100,16555,0,16557,0
16553,1,16667,1145779,16681,180000,16682,0,16643,460800,16649,460800,16655,600000,16659,600000,16663,1958400,16668,1958400,16672,1958400,16677,1958400,16648,40,16654,10,16658,18,16662,0,16667,0,16671,100,16675,0,16680,0
16672,1,16756,1548108,16764,180000,16765,0,16743,960000,16746,960000,16748,960000,16752,1248000,16754,1958400,16757,1958400,16759,1958400,16762,1958400,16745,55,16748,50,16751,10,16754,22,16756,0,16759,100,16761,0,16764,0
16759,1,,,,,,,,,,,,,,,,,,,,,,,,,,,,,,,,,,,,,,
,,,,,,,,,,,,,,,,,,,,,,,,,,,,,,,,,,,,,,,
,,,,,,,,,,,,,,,,,,,,,,,,,,,,,,,,,,,,,,,
System Statistics:,,,,,,,,,,,,,,,,,,,,,,,,,,,,,,,,,,,,,,,
Sensor Id,Name,Type,Average,,,,,,,,,,,,,,,,,,,,,,,,,,,,,,,,,,,,
206,Battery Status,Battery Status,1,1,,,,,,,,,,,,,,,,,,,,,,,,,,,,,,,,,,,
332,Battery Power*,Power [uW],1678703.631,2319526.904,1999.12,,,,,,,,,,,,,,,,,,,,,,,,,,,,,,,,,,
400,GPU Frequency,GPU Frequency [KHz],180000,180000,180000,,,,,,,,,,,,,,,,,,,,,,,,,,,,,,,,,,
401,GPU Load,GPU Load [%],0.714285714,0.662921348,0,,,,,,,,,,,,,,,,,,,,,,,,,,,,,,,,,,
1000,CPU1 Frequency,CPU Frequency [kHz],1325714.286,1555200,,,,,,,,,,,,,,,,,,,,,,,,,,,,,,,,,,,
1001,CPU2 Frequency,CPU Frequency [kHz],1325514.286,1555200,,,,,,,,,,,,,,,,,,,,,,,,,,,,,,,,,,,
1002,CPU3 Frequency,CPU Frequency [kHz],1331485.714,1555200,,,,,,,,,,,,,,,,,,,,,,,,,,,,,,,,,,,
1003,CPU4 Frequency,CPU Frequency [kHz],1340885.714,1555200,,,,,,,,,,,,,,,,,,,,,,,,,,,,,,,,,,,
1004,CPU5 Frequency,CPU Frequency [kHz],1956800,1842341.899,,,,,,,,,,,,,,,,,,,,,,,,,,,,,,,,,,,
1005,CPU6 Frequency,CPU Frequency [kHz],1956800,1844817.978,,,,,,,,,,,,,,,,,,,,,,,,,,,,,,,,,,,
1006,CPU7 Frequency,CPU Frequency [kHz],1956800,1845033.708,,,,,,,,,,,,,,,,,,,,,,,,,,,,,,,,,,,
1007,CPU8 Frequency,CPU Frequency [kHz],1956800,1844278.652,,,,,,,,,,,,,,,,,,,,,,,,,,,,,,,,,,,
1096,CPU1 Load,CPU Load [%],42.42261905,94.06145251,,,,,,,,,,,,,,,,,,,,,,,,,,,,,,,,,,,
1097,CPU2 Load,CPU Load [%],21.54761905,30.17318436,,,,,,,,,,,,,,,,,,,,,,,,,,,,,,,,,,,
1098,CPU3 Load,CPU Load [%],17.51785714,27.5698324,,,,,,,,,,,,,,,,,,,,,,,,,,,,,,,,,,,
1099,CPU4 Load,CPU Load [%],11.91666667,21.11173184,,,,,,,,,,,,,,,,,,,,,,,,,,,,,,,,,,,
1100,CPU5 Load,CPU Load [%],3.178571429,99.87640449,,,,,,,,,,,,,,,,,,,,,,,,,,,,,,,,,,,
1101,CPU6 Load,CPU Load [%],99.80952381,2.730337079,,,,,,,,,,,,,,,,,,,,,,,,,,,,,,,,,,,
1102,CPU7 Load,CPU Load [%],1.886904762,8.348314607,,,,,,,,,,,,,,,,,,,,,,,,,,,,,,,,,,,
1103,CPU8 Load,CPU Load [%],1.160714286,0.792134831,30.26,,,,,,,,,,,,,,,,,,,,,,,,,,,,,,,,,,
