App,Package,Start Time,Duration,Filename
"System",,"Sep 7, 2016 @ 03:20:15 AM","45 sec","Parallel.db"

Time  [ms],"Battery Status",Time  [ms],"Screen Brightness",Time  [ms],"Battery Power* [uW]",Time  [ms],"GPU Frequency [KHz]",Time  [ms],"GPU Load [%]",Time  [ms],"CPU1 Frequency [kHz]",Time  [ms],"CPU2 Frequency [kHz]",Time  [ms],"CPU3 Frequency [kHz]",Time  [ms],"CPU4 Frequency [kHz]",Time  [ms],"CPU1 Load [%]",Time  [ms],"CPU2 Load [%]",Time  [ms],"CPU3 Load [%]",Time  [ms],"CPU4 Load [%]",
0,1,25,0,26,2520283,27,624000,27,0,22,1593600,23,1593600,24,2150400,25,2150400,23,64,24,68,25,68,26,55,
26,1,141,0,147,585573,148,624000,148,0,124,307200,130,307200,136,1248000,142,1248000,129,50,135,30,140,61,146,46,
147,1,194,0,202,407044,205,624000,208,0,175,307200,181,307200,187,307200,195,1248000,180,66,186,40,192,60,202,60,
203,1,297,0,304,86389,306,624000,308,0,276,307200,282,307200,291,307200,299,307200,281,45,289,30,296,38,304,20,
305,1,390,0,392,574300,392,624000,392,0,377,307200,383,307200,388,1248000,390,1248000,382,33,388,45,389,80,392,25,
392,1,485,0,488,373637,489,624000,490,0,477,307200,480,307200,483,883200,486,883200,479,50,482,50,485,44,488,63,
488,1,586,0,591,524184,592,624000,594,0,578,729600,581,729600,583,1248000,587,1248000,580,58,583,0,586,50,590,30,
591,1,693,0,701,95908,704,624000,706,35,679,307200,685,307200,689,307200,695,403200,684,14,689,50,692,45,700,27,
702,1,794,0,800,2766897,801,624000,802,35,780,307200,787,307200,791,307200,795,307200,785,40,790,50,793,40,799,10,
800,1,894,0,899,2979112,899,624000,900,35,881,960000,886,307200,890,652800,895,307200,885,50,889,37,893,50,898,36,
899,1,986,0,988,3128301,989,624000,990,35,981,422400,983,422400,984,1248000,986,1248000,982,44,984,25,985,37,988,40,
988,1,1088,0,1090,3336657,1090,624000,1091,35,1082,729600,1084,729600,1086,1248000,1088,1036800,1084,60,1086,37,1088,63,1090,37,
1090,1,1199,0,1201,2851209,1202,624000,1203,35,1183,307200,1189,960000,1195,307200,1199,307200,1188,25,1194,33,1198,69,1201,9,
1202,1,1296,0,1302,2794191,1303,624000,1305,35,1284,307200,1290,844800,1293,403200,1296,403200,1289,22,1292,12,1295,66,1302,11,
1302,1,1405,0,1409,2790930,1410,624000,1411,35,1386,307200,1392,307200,1399,307200,1406,307200,1391,45,1397,33,1404,45,1409,54,
1409,1,1505,0,1510,2779887,1510,624000,1511,35,1487,307200,1493,307200,1499,307200,1506,307200,1491,60,1498,40,1504,30,1509,30,
1510,1,1613,0,1615,3665792,1615,624000,1615,35,1589,307200,1597,422400,1609,2150400,1613,1248000,1596,55,1604,44,1613,61,1614,30,
1615,1,1703,0,1708,2955008,1709,624000,1709,36,1689,960000,1693,307200,1697,307200,1704,307200,1692,66,1696,37,1702,22,1708,37,
1708,1,1803,0,1807,3092258,1808,624000,1808,36,1789,960000,1794,960000,1799,403200,1803,403200,1793,40,1798,40,1802,33,1806,50,
1807,1,1906,0,1909,2836208,1909,624000,1910,36,1890,307200,1896,307200,1901,307200,1907,307200,1894,44,1900,11,1904,54,1909,20,
1909,1,2010,0,2012,2850498,2013,624000,2014,36,1992,307200,1999,307200,2006,307200,2010,307200,1998,57,2004,44,2009,30,2012,20,
2012,1,2104,0,2109,3102242,2109,624000,2110,36,2091,960000,2094,960000,2096,307200,2106,307200,2093,60,2096,42,2099,12,2109,11,
2109,1,2201,0,2203,3631462,2203,624000,2204,36,2193,1324800,2196,1324800,2199,652800,2201,1248000,2196,63,2198,33,2201,72,2203,44,
2203,1,2312,0,2317,2850498,2319,624000,2320,36,2295,307200,2301,307200,2306,307200,2313,307200,2300,25,2305,36,2311,40,2317,50,
2318,1,2411,0,2415,2927044,2416,624000,2418,36,2396,652800,2402,307200,2407,307200,2412,403200,2400,66,2405,22,2410,45,2415,11,
2416,1,2505,0,2508,2976711,2509,624000,2510,36,2496,307200,2499,307200,2502,652800,2505,652800,2499,50,2502,50,2504,37,2508,50,
2508,1,2613,0,2618,2879327,2619,624000,2621,36,2598,422400,2604,422400,2608,307200,2614,307200,2602,63,2607,33,2612,40,2618,9,
2618,1,2715,0,2716,3731663,2717,624000,2717,31,2700,960000,2709,1190400,2713,2150400,2715,2150400,2709,62,2713,41,2714,36,2716,11,
2716,1,2817,0,2825,2916463,2828,624000,2830,31,2800,307200,2806,307200,2812,1248000,2818,1248000,2805,53,2811,28,2816,58,2824,41,
2826,1,2909,0,2912,2783507,2913,624000,2914,31,2900,844800,2903,844800,2906,652800,2909,556800,2902,60,2905,50,2908,44,2912,25,
2912,1,3017,0,3024,2500325,3026,624000,3028,31,3001,480000,3005,480000,3011,307200,3019,307200,3004,50,3010,30,3016,30,3024,25,
3025,1,3114,0,3117,2630784,3118,624000,3119,31,3102,307200,3108,960000,3111,307200,3115,307200,3108,40,3111,60,3113,36,3117,22,
3118,1,3207,0,3208,2834818,3209,624000,3209,31,3202,729600,3204,307200,3205,1248000,3207,1248000,3203,40,3205,45,3206,37,3208,33,
3209,1,3319,0,3326,2514191,3327,624000,3328,31,3303,422400,3308,480000,3314,307200,3321,307200,3306,50,3312,30,3318,50,3325,41,
3326,1,3419,0,3422,2616432,3423,624000,3424,31,3405,307200,3412,307200,3416,652800,3420,480000,3410,50,3415,50,3418,70,3422,45,
3423,1,3524,0,3529,2455876,3530,624000,3531,31,3505,307200,3512,307200,3519,307200,3526,307200,3511,38,3517,10,3523,30,3529,54,
3529,1,3623,0,3628,2564312,3629,624000,3630,31,3607,307200,3612,307200,3618,1036800,3624,1036800,3609,50,3616,55,3622,22,3628,12,
3628,1,3724,0,3728,2487861,3729,624000,3729,35,3707,422400,3713,307200,3718,307200,3725,307200,3711,50,3717,33,3723,50,3728,22,
3728,1,3828,0,3830,3290062,3831,624000,3832,35,3808,422400,3814,307200,3822,1248000,3828,1478400,3812,37,3821,44,3827,44,3830,50,
3830,1,3928,0,3931,2772093,3932,624000,3933,35,3909,307200,3916,307200,3923,307200,3929,307200,3915,44,3921,44,3928,33,3931,27,
3931,1,4016,0,4018,3273875,4018,624000,4019,35,4010,307200,4012,307200,4014,1248000,4016,1248000,4012,55,4013,44,4015,50,4018,57,
4018,1,4126,0,4133,2773600,4133,624000,4134,35,4111,422400,4116,422400,4121,307200,4127,307200,4115,33,4120,0,4125,50,4133,50,
4133,1,4227,0,4233,2772093,4234,624000,4235,35,4212,307200,4218,307200,4223,307200,4228,307200,4217,44,4222,50,4226,44,4232,10,
4233,1,4326,0,4330,2868088,4331,624000,4332,35,4313,307200,4318,307200,4322,480000,4327,480000,4316,60,4321,54,4325,50,4330,50,
4330,1,4417,0,4419,4706679,4419,624000,4420,35,4414,960000,4415,960000,4416,2150400,4418,2150400,4415,70,4416,66,4417,50,4419,77,
4419,1,4520,0,4522,3871721,4522,624000,4522,35,4514,1593600,4516,1593600,4518,1248000,4521,1248000,4516,80,4518,22,4520,33,4521,54,
4522,1,4629,0,4633,2809862,4634,624000,4635,35,4616,307200,4620,307200,4624,403200,4630,403200,4619,33,4624,40,4628,40,4633,53,
4633,1,4721,0,4723,3118231,4723,624000,4724,35,4716,307200,4718,307200,4720,1248000,4722,1248000,4718,14,4719,45,4721,44,4723,37,
4723,1,4829,0,4831,3070728,4831,624000,4832,35,4818,307200,4824,307200,4828,1248000,4830,1248000,4823,45,4828,33,4829,44,4831,25,
4831,1,4923,0,4925,3079844,4925,624000,4926,35,4918,307200,4920,307200,4922,1248000,4924,1248000,4920,44,4922,25,4923,22,4925,50,
4925,1,5034,0,5040,2781836,5042,624000,5044,35,5020,307200,5024,307200,5029,307200,5035,307200,5023,33,5028,30,5033,40,5040,60,
5041,1,5130,0,5132,3143018,5132,624000,5133,35,5121,422400,5126,422400,5129,1248000,5131,1248000,5125,54,5128,50,5130,40,5132,33,
5132,1,5231,0,5233,3309943,5233,624000,5234,35,5221,960000,5227,960000,5229,1248000,5231,1248000,5226,50,5229,55,5231,25,5233,33,
5233,1,5333,0,5339,2752607,5340,624000,5342,35,5322,307200,5325,307200,5328,307200,5334,307200,5324,50,5327,0,5332,41,5338,27,
5339,1,5440,0,5444,3005326,5445,624000,5445,35,5423,556800,5428,1190400,5435,307200,5441,307200,5427,50,5434,45,5440,55,5444,20,
5444,1,5540,0,5546,2840287,5548,624000,5548,35,5524,307200,5528,307200,5532,480000,5541,307200,5527,60,5531,50,5538,44,5545,63,
5546,1,5631,0,5633,3866608,5633,624000,5634,35,5625,960000,5626,1593600,5629,806400,5631,652800,5626,54,5628,100,5630,66,5633,55,
5633,1,5734,0,5737,3099016,5737,624000,5738,35,5726,307200,5730,960000,5732,806400,5735,806400,5729,27,5732,44,5734,44,5736,60,
5737,1,5842,0,5847,3135755,5849,624000,5850,37,5827,1228800,5832,1324800,5837,307200,5843,307200,5831,63,5836,22,5841,20,5846,30,
5849,1,5935,0,5938,3042693,5940,624000,5943,37,5928,307200,5930,960000,5933,307200,5936,307200,5930,45,5932,40,5935,22,5938,60,
5938,1,6044,0,6049,3049246,6050,624000,6051,37,6029,480000,6034,480000,6040,403200,6045,403200,6033,60,6039,40,6043,70,6049,40,
6049,1,6146,0,6149,3183304,6150,624000,6151,37,6131,307200,6136,307200,6141,1248000,6147,1248000,6134,55,6140,30,6145,20,6149,40,
6149,1,6235,0,6237,3384380,6237,624000,6238,37,6231,307200,6233,307200,6234,1478400,6236,1478400,6232,44,6234,20,6235,66,6237,12,
6237,1,6337,0,6339,3185304,6340,624000,6340,37,6332,307200,6334,307200,6336,1036800,6338,1036800,6334,45,6335,36,6337,37,6339,45,
6339,1,6451,0,6456,2950978,6458,624000,6463,37,6434,422400,6440,422400,6446,307200,6452,307200,6439,50,6444,30,6450,33,6456,33,
6457,1,6550,0,6557,3028873,6558,624000,6560,37,6534,307200,6540,307200,6545,1248000,6551,307200,6538,62,6544,27,6549,22,6556,50,
6557,1,6655,0,6663,2967225,6664,624000,6666,37,6636,307200,6643,307200,6649,307200,6657,307200,6641,60,6648,45,6654,36,6662,72,
6663,1,6748,0,6752,3100150,6753,624000,6754,37,6736,652800,6740,652800,6744,480000,6748,652800,6739,22,6743,44,6747,25,6752,66,
6752,1,6857,0,6865,3023991,6866,624000,6868,34,6838,307200,6844,307200,6851,652800,6858,652800,6842,50,6849,22,6856,40,6864,41,
6865,1,6948,0,6952,2817847,6953,624000,6954,34,6938,307200,6941,307200,6944,729600,6949,556800,6941,63,6944,44,6947,44,6952,37,
6952,1,7059,0,7065,2725505,7066,624000,7068,34,7039,652800,7045,307200,7052,307200,7060,307200,7043,50,7050,41,7057,12,7065,0,
7065,1,7158,0,7162,2828619,7163,624000,7164,34,7141,307200,7151,960000,7155,307200,7159,307200,7148,25,7154,50,7157,45,7161,30,
7162,1,7249,0,7251,3238846,7251,624000,7252,34,7241,844800,7244,1228800,7246,806400,7249,806400,7243,42,7246,70,7248,60,7251,14,
7251,1,7356,0,7361,2722987,7362,624000,7364,34,7342,422400,7346,422400,7350,307200,7357,307200,7345,50,7349,55,7354,20,7361,10,
7361,1,7453,0,7459,3529337,7461,624000,7463,34,7443,652800,7447,652800,7450,2150400,7454,1248000,7446,55,7449,25,7452,54,7459,22,
7460,1,7564,0,7570,2733887,7571,624000,7572,34,7545,307200,7551,307200,7558,480000,7566,480000,7550,54,7556,22,7563,36,7570,36,
7570,1,7663,0,7668,2762287,7669,624000,7670,34,7644,307200,7651,307200,7657,480000,7665,480000,7649,33,7656,54,7662,30,7668,60,
7668,1,7758,0,7760,3306218,7761,624000,7761,34,7745,307200,7750,960000,7753,1248000,7758,1248000,7749,40,7752,60,7758,60,7760,37,
7760,1,7864,0,7868,2727018,7869,624000,7869,32,7847,422400,7853,422400,7859,307200,7865,307200,7852,40,7858,33,7863,58,7868,27,
7868,1,7968,0,7971,2580980,7971,624000,7972,32,7948,307200,7954,307200,7962,480000,7969,480000,7953,40,7960,76,7967,20,7971,30,
7971,1,8069,0,8070,3036490,8070,624000,8071,32,8049,307200,8055,307200,8067,307200,8069,2150400,8053,50,8066,40,8069,50,8070,40,
8070,1,8165,0,8168,2557664,8169,624000,8169,32,8149,307200,8154,307200,8160,307200,8166,307200,8153,72,8158,33,8164,44,8168,22,
8168,1,8268,0,8273,2649862,8274,624000,8275,32,8251,307200,8257,307200,8263,307200,8269,1248000,8255,33,8261,30,8268,58,8272,25,
8273,1,8356,0,8358,3075636,8358,624000,8359,32,8351,422400,8353,307200,8354,1324800,8356,1324800,8352,44,8354,55,8355,50,8358,50,
8358,1,8469,0,8475,2515444,8476,624000,8478,32,8453,307200,8459,307200,8464,307200,8470,307200,8457,63,8463,0,8468,33,8475,10,
8475,1,8569,0,8571,2765444,8572,624000,8572,32,8554,307200,8561,307200,8567,307200,8570,1248000,8559,33,8566,33,8569,41,8571,50,
8571,1,8659,0,8661,3223992,8661,624000,8661,32,8654,960000,8656,960000,8657,1248000,8659,1248000,8655,50,8657,44,8659,44,8660,50,
8661,1,8772,0,8778,2777156,8779,624000,8781,32,8755,960000,8762,960000,8767,307200,8773,307200,8760,50,8766,40,8771,36,8777,18,
8778,1,8862,0,8864,3041678,8864,624000,8865,32,8856,307200,8858,307200,8860,1248000,8862,1248000,8858,70,8860,40,8861,55,8863,50,
8864,1,8975,0,8981,2534930,8983,624000,8985,32,8959,307200,8965,307200,8970,307200,8976,307200,8964,36,8969,30,8974,50,8981,20,
8982,1,9068,0,9071,3002204,9071,624000,9072,32,9059,422400,9062,422400,9066,1113600,9069,1113600,9061,50,9066,50,9068,60,9071,50,
9071,1,9166,0,9169,3092210,9170,624000,9171,32,9160,652800,9163,652800,9165,1248000,9167,1248000,9162,62,9164,40,9166,37,9169,55,
9170,1,9282,0,9288,2719235,9288,624000,9289,32,9262,307200,9269,307200,9276,729600,9284,729600,9268,40,9274,54,9281,53,9288,45,
9288,1,9372,0,9374,3031538,9374,624000,9375,32,9363,307200,9368,307200,9371,1248000,9372,1248000,9367,45,9370,11,9372,60,9374,50,
9374,1,9473,0,9481,2638303,9482,624000,9484,32,9463,307200,9466,307200,9469,556800,9474,307200,9465,55,9467,55,9471,63,9480,44,
9481,1,9572,0,9573,2976428,9574,624000,9574,32,9566,307200,9569,307200,9570,1248000,9572,1248000,9568,36,9570,58,9571,44,9573,50,
9573,1,9682,0,9688,2530738,9688,624000,9690,32,9667,422400,9673,307200,9677,307200,9683,307200,9671,22,9676,63,9681,33,9687,0,
9688,1,9785,0,9791,2879773,9791,624000,9792,32,9769,960000,9776,960000,9781,307200,9786,307200,9775,58,9780,50,9784,66,9791,55,
9791,1,9874,0,9876,3457614,9877,624000,9877,33,9869,1324800,9871,1324800,9872,1555200,9875,1555200,9870,75,9872,45,9874,33,9876,16,
9876,1,9972,0,9973,4283603,9973,624000,9973,33,9969,1190400,9970,422400,9971,2150400,9972,2150400,9970,50,9971,33,9972,100,9973,20,
9973,1,10077,0,10079,3387600,10079,624000,10080,33,10070,960000,10072,960000,10075,1113600,10077,1113600,10072,63,10074,60,10076,45,10079,66,
10062,1,10188,0,10194,2630873,10195,624000,10197,33,10172,307200,10177,307200,10183,307200,10189,307200,10176,50,10181,46,10187,30,10193,40,
10079,1,10288,0,10294,2626326,10295,624000,10297,33,10273,307200,10278,307200,10283,307200,10289,307200,10277,30,10282,44,10287,25,10293,60,
10194,1,10378,0,10380,3230879,10381,624000,10382,33,10373,960000,10375,960000,10376,1248000,10378,1248000,10374,44,10376,44,10377,44,10380,40,
10294,1,10487,0,10490,2715538,10491,624000,10493,33,10474,307200,10478,307200,10483,652800,10488,480000,10477,50,10481,45,10486,54,10490,27,
10380,1,10589,0,10592,2937845,10593,624000,10593,33,10576,307200,10582,556800,10587,307200,10590,1248000,10581,54,10586,33,10589,50,10592,60,
10490,1,10685,0,10689,2777510,10689,624000,10690,33,10676,307200,10680,307200,10683,806400,10686,806400,10679,30,10682,41,10684,50,10688,33,
10592,1,10744,0,10748,2624377,10749,624000,10749,33,10729,307200,10734,307200,10739,307200,10745,307200,10733,40,10738,0,10743,50,10748,66,
10689,1,10841,0,10845,2667112,10846,624000,10847,39,10829,307200,10833,652800,10837,403200,10842,403200,10832,50,10836,33,10840,22,10845,33,
10748,1,10951,0,10953,3309730,10953,624000,10954,39,10930,307200,10938,307200,10945,307200,10952,1248000,10936,55,10944,30,10951,36,10953,50,
10845,1,11047,0,11050,3227549,11051,624000,11052,39,11031,307200,11036,307200,11042,307200,11048,1248000,11035,55,11040,45,11046,25,11050,33,
10953,1,11142,0,11146,3157674,11147,624000,11148,39,11132,307200,11136,307200,11139,480000,11143,480000,11135,45,11138,44,11142,60,11145,40,
11050,1,11250,0,11256,3059730,11257,624000,11259,39,11233,307200,11239,307200,11245,307200,11251,307200,11238,20,11243,30,11249,60,11255,10,
11146,1,11348,0,11351,3219979,11352,624000,11352,39,11334,422400,11339,422400,11344,307200,11349,1248000,11338,77,11343,30,11348,50,11351,20,
11256,1,11444,0,11448,3191648,11448,624000,11449,39,11435,729600,11438,556800,11442,652800,11445,652800,11438,30,11441,33,11444,33,11447,20,
11351,1,11542,0,11544,3524884,11545,624000,11546,39,11535,960000,11538,960000,11540,729600,11543,729600,11537,33,11540,66,11542,61,11544,40,
11448,1,11642,0,11643,3535697,11644,624000,11644,39,11637,307200,11639,307200,11640,1248000,11642,1248000,11638,40,11640,45,11642,63,11643,37,
11545,1,11743,0,11744,3687912,11745,624000,11745,39,11738,307200,11739,307200,11741,1478400,11743,1478400,11739,11,11740,11,11742,50,11744,55,
11644,1,11857,0,11864,3112835,11865,624000,11867,34,11839,307200,11845,307200,11851,403200,11858,403200,11844,30,11850,20,11856,60,11863,46,
11745,1,11955,0,11960,2795279,11961,624000,11963,34,11940,960000,11945,307200,11950,307200,11956,307200,11944,44,11949,40,11954,12,11960,27,
11864,1,12061,0,12068,2728322,12068,624000,12069,34,12041,307200,12048,422400,12055,307200,12063,307200,12046,44,12054,33,12060,41,12068,63,
11960,1,12151,0,12157,3085688,12158,624000,12160,34,12141,960000,12144,960000,12146,1113600,12153,480000,12143,33,12146,55,12150,37,12157,37,
12068,1,12258,0,12264,3130657,12266,624000,12267,34,12243,422400,12248,307200,12253,1248000,12260,1248000,12247,70,12252,20,12257,50,12264,40,
12157,1,12363,0,12368,2843558,12369,624000,12369,34,12344,307200,12351,960000,12358,307200,12364,307200,12349,50,12356,50,12362,33,12368,40,
12265,1,12471,0,12476,2688492,12478,624000,12479,34,12445,307200,12454,307200,12463,307200,12472,1248000,12452,40,12462,70,12470,27,12476,0,
12368,1,12560,0,12567,2704731,12568,624000,12568,34,12546,307200,12549,307200,12555,307200,12562,307200,12547,50,12553,40,12559,44,12566,28,
12477,1,12658,0,12661,2769557,12662,624000,12663,34,12648,307200,12651,960000,12654,307200,12658,307200,12650,54,12654,33,12657,30,12660,11,
12567,1,12753,0,12755,3447057,12755,624000,12756,34,12747,960000,12750,960000,12751,1248000,12753,1248000,12749,60,12751,66,12753,50,12755,37,
12661,1,12865,0,12869,2710779,12869,624000,12870,33,12849,422400,12855,422400,12860,307200,12866,307200,12853,20,12859,53,12864,20,12869,40,
12755,1,12965,0,12969,2627625,12969,624000,12970,33,12950,307200,12956,307200,12961,307200,12966,307200,12955,72,12960,53,12964,36,12969,0,
12869,1,13066,0,13069,2636719,13069,624000,13070,33,13051,307200,13056,307200,13061,307200,13067,307200,13054,50,13060,50,13065,55,13069,20,
12969,1,13160,0,13162,2881349,13163,624000,13163,33,13151,1036800,13154,1036800,13156,307200,13161,940800,13153,20,13155,62,13159,30,13162,11,
13069,1,13269,0,13271,3608012,13271,624000,13272,33,13252,960000,13258,960000,13264,307200,13269,2150400,13257,22,13263,30,13269,44,13270,71,
13162,1,13366,0,13369,2728075,13369,624000,13370,33,13353,422400,13358,422400,13361,652800,13367,307200,13357,50,13360,54,13365,44,13369,33,
13271,1,13469,0,13470,2784885,13471,624000,13471,33,13454,307200,13460,307200,13466,307200,13469,1248000,13459,30,13464,22,13468,44,13470,40,
13369,1,13573,0,13579,2592550,13580,624000,13582,33,13556,307200,13562,307200,13567,307200,13574,307200,13560,11,13566,20,13572,40,13578,36,
13471,1,13674,0,13681,2630873,13682,624000,13684,33,13657,307200,13663,307200,13669,307200,13675,307200,13662,30,13668,75,13673,50,13680,11,
13579,1,13776,0,13782,2641265,13784,624000,13786,33,13758,307200,13764,307200,13770,307200,13777,307200,13762,58,13769,66,13774,28,13782,30,
13681,1,13874,0,13875,3042658,13876,624000,13876,31,13859,307200,13865,307200,13872,1248000,13874,1248000,13863,60,13871,72,13873,37,13875,50,
13783,1,13976,0,13982,2484456,13988,624000,13989,31,13960,307200,13965,307200,13971,307200,13977,307200,13964,63,13969,44,13974,33,13981,36,
13875,1,14070,0,14073,2527781,14073,624000,14074,31,14060,480000,14064,480000,14068,307200,14071,307200,14063,62,14068,33,14070,60,14073,10,
13987,1,14166,0,14169,2799168,14170,624000,14170,31,14160,960000,14163,960000,14165,940800,14167,940800,14162,22,14164,36,14166,55,14169,20,
14073,1,14277,0,14283,2766748,14284,624000,14286,31,14262,307200,14267,307200,14272,1036800,14279,1036800,14266,30,14271,33,14276,60,14283,36,
14169,1,14371,0,14379,3084897,14380,624000,14382,31,14363,307200,14368,960000,14370,1248000,14372,1248000,14366,14,14369,60,14371,45,14379,57,
14283,1,14471,0,14475,2685458,14475,624000,14476,31,14463,307200,14466,307200,14469,806400,14472,806400,14465,55,14468,44,14471,50,14474,50,
14379,1,14573,0,14575,2819112,14575,624000,14576,31,14565,307200,14569,307200,14571,1248000,14573,1248000,14568,44,14571,33,14572,30,14575,50,
14475,1,14680,0,14686,2576807,14687,624000,14688,31,14665,960000,14670,422400,14675,307200,14681,307200,14669,40,14674,40,14679,33,14685,22,
14575,1,14773,0,14775,2821320,14775,624000,14775,31,14767,307200,14770,960000,14771,1248000,14773,1248000,14769,58,14771,50,14773,50,14774,0,
14686,1,14884,0,14889,2463021,14889,624000,14890,34,14868,307200,14873,307200,14879,307200,14885,307200,14872,36,14878,50,14883,27,14888,30,
14775,1,14984,0,14988,2774785,14989,624000,14989,34,14968,422400,14973,422400,14978,307200,14985,307200,14972,81,14977,54,14983,44,14988,20,
14889,1,15080,0,15085,3032358,15086,624000,15087,34,15069,960000,15072,960000,15076,556800,15081,403200,15071,66,15075,33,15080,53,15085,33,
14988,1,15188,0,15191,2730236,15192,624000,15193,34,15171,307200,15178,307200,15184,403200,15189,307200,15176,40,15183,50,15188,40,15191,54,
15085,1,15289,0,15292,2715793,15293,624000,15294,34,15271,307200,15278,307200,15284,403200,15290,480000,15276,50,15283,12,15289,50,15292,25,
15191,1,15390,0,15396,2686543,15397,624000,15399,34,15372,307200,15379,307200,15385,307200,15391,307200,15377,36,15383,55,15389,25,15395,18,
15292,1,15475,0,15476,3786762,15477,624000,15477,34,15472,422400,15474,422400,15475,2150400,15476,2150400,15473,66,15474,37,15475,50,15476,37,
15396,1,15587,0,15589,2857911,15590,624000,15590,34,15574,844800,15580,960000,15585,307200,15587,940800,15578,63,15584,11,15586,27,15589,11,
15476,1,15681,0,15683,3242385,15684,624000,15684,34,15674,960000,15676,960000,15678,883200,15681,883200,15676,72,15678,50,15680,40,15683,44,
15589,1,15788,0,15790,2848896,15791,624000,15792,34,15775,960000,15780,960000,15784,403200,15788,403200,15779,33,15783,22,15787,44,15790,30,
15683,1,15885,0,15890,2838026,15890,624000,15892,34,15876,960000,15879,960000,15882,480000,15886,480000,15878,0,15882,41,15885,44,15889,44,
15790,1,15993,0,15999,2698885,16000,624000,16002,34,15976,307200,15982,307200,15987,307200,15994,307200,15981,36,15986,36,15992,18,15999,63,
15890,1,16095,0,16102,2858743,16103,624000,16105,34,16078,307200,16084,307200,16090,806400,16097,806400,16083,45,16089,72,16094,40,16101,33,
15999,1,16199,0,16208,2708628,16209,624000,16210,34,16180,307200,16186,307200,16193,307200,16200,307200,16185,37,16192,66,16198,45,16208,20,
16102,1,16300,0,16306,2895654,16307,624000,16309,34,16281,307200,16287,307200,16293,652800,16301,806400,16286,50,16292,50,16298,44,16305,60,
16208,1,16404,0,16409,2694987,16410,624000,16411,34,16382,307200,16389,307200,16396,307200,16405,307200,16388,22,16394,45,16402,50,16409,30,
16306,1,16489,0,16492,3591500,16492,624000,16493,34,16482,1113600,16484,1113600,16487,1113600,16490,1113600,16483,36,16486,66,16489,62,16492,75,
16409,1,16601,0,16607,3877304,16607,624000,16608,34,16583,307200,16591,307200,16596,2150400,16602,2150400,16589,33,16595,33,16600,45,16606,54,
16492,1,16693,0,16695,2957816,16696,624000,16697,34,16685,844800,16688,960000,16690,307200,16693,307200,16687,60,16690,50,16692,25,16695,25,
16607,1,16803,0,16809,2781249,16809,624000,16809,34,16786,307200,16792,960000,16798,307200,16805,307200,16791,63,16796,33,16802,20,16808,30,
16695,1,16903,0,16905,2967389,16905,624000,16905,35,16887,307200,16894,307200,16900,1248000,16903,1248000,16892,45,16899,30,16903,20,16905,44,
16809,1,17003,0,17008,2889934,17008,624000,17009,35,16988,307200,16992,844800,16998,307200,17004,307200,16991,70,16996,50,17002,30,17007,22,
16905,1,17107,0,17111,2789209,17112,624000,17113,35,17089,480000,17095,307200,17101,307200,17109,307200,17094,42,17100,36,17106,37,17111,25,
17008,1,17209,0,17214,2821990,17215,624000,17216,35,17191,307200,17198,307200,17203,556800,17210,307200,17196,42,17202,54,17208,45,17213,28,
17111,1,17303,0,17307,2808250,17308,624000,17309,35,17291,556800,17295,556800,17299,307200,17303,307200,17294,33,17298,28,17302,37,17306,30,
17214,1,17405,0,17409,3087550,17409,624000,17410,35,17392,652800,17395,652800,17400,307200,17406,1248000,17395,40,17399,75,17404,33,17408,36,
17307,1,17507,0,17512,3038128,17514,624000,17515,35,17493,960000,17498,960000,17503,307200,17508,307200,17497,72,17502,30,17506,22,17512,20,
17409,1,17610,0,17616,2789804,17617,624000,17618,35,17594,307200,17601,307200,17606,403200,17612,307200,17599,55,17605,33,17609,40,17616,30,
17513,1,17715,0,17720,3007411,17721,624000,17723,35,17695,307200,17704,307200,17709,806400,17716,806400,17702,40,17708,22,17714,72,17720,44,
17616,1,17812,0,17818,2767546,17820,624000,17821,35,17796,307200,17802,307200,17807,307200,17814,307200,17800,50,17806,50,17811,30,17818,11,
17720,1,17912,0,17917,2853600,17918,624000,17920,32,17896,960000,17901,307200,17907,480000,17913,403200,17900,20,17906,50,17911,50,17916,22,
17818,1,18009,0,18013,2788471,18013,624000,18014,32,17997,729600,18002,729600,18006,480000,18010,480000,18002,60,18005,36,18008,54,18012,60,
17917,1,18121,0,18127,2529734,18128,624000,18129,32,18101,307200,18107,307200,18114,307200,18122,307200,18105,25,18113,20,18120,33,18127,50,
18013,1,18222,0,18227,2538178,18228,624000,18229,32,18204,307200,18210,307200,18216,307200,18223,307200,18209,55,18215,36,18220,0,18227,50,
18128,1,18324,0,18329,2609667,18330,624000,18330,32,18306,307200,18312,307200,18318,480000,18325,480000,18311,50,18317,12,18323,50,18329,54,
18228,1,18423,0,18428,2595896,18429,624000,18430,32,18407,422400,18412,422400,18417,307200,18424,307200,18411,50,18416,45,18421,45,18428,40,
18329,1,18529,0,18532,2578498,18533,624000,18534,32,18508,307200,18516,307200,18523,480000,18529,480000,18513,44,18521,50,18528,30,18532,30,
18428,1,18618,0,18623,3055055,18624,624000,18625,32,18608,1113600,18611,1113600,18613,652800,18619,652800,18610,62,18613,44,18617,42,18623,50,
18533,1,18728,0,18730,2609338,18730,624000,18731,32,18710,307200,18716,307200,18722,307200,18728,1248000,18715,20,18721,36,18727,41,18730,20,
18623,1,18812,0,18813,4069578,18813,624000,18813,32,18809,960000,18810,960000,18811,2150400,18812,2150400,18810,40,18811,44,18812,66,18813,42,
18730,1,18927,0,18932,2557824,18933,624000,18934,34,18910,307200,18916,307200,18922,307200,18928,403200,18915,30,18921,40,18926,54,18931,33,
18813,1,19016,0,19018,3100068,19018,624000,19019,34,19011,307200,19013,307200,19014,1248000,19016,1248000,19012,55,19014,40,19016,44,19018,44,
18932,1,19132,0,19140,2873473,19142,624000,19144,34,19112,307200,19119,307200,19126,307200,19133,1248000,19118,36,19125,30,19131,41,19140,41,
19018,1,19221,0,19225,3027950,19225,624000,19226,34,19213,960000,19216,960000,19219,307200,19222,307200,19215,66,19218,55,19221,28,19225,20,
19141,1,19331,0,19337,2706030,19338,624000,19340,34,19314,307200,19320,307200,19325,307200,19332,307200,19319,45,19324,33,19330,36,19336,50,
19225,1,19433,0,19438,2708628,19440,624000,19442,34,19415,307200,19421,307200,19427,307200,19433,307200,19420,22,19426,66,19432,40,19438,40,
19337,1,19520,0,19521,3138524,19522,624000,19522,34,19515,307200,19517,307200,19518,1401600,19520,1401600,19517,37,19518,50,19519,66,19521,14,
19439,1,19621,0,19622,3137690,19623,624000,19623,34,19616,960000,19618,960000,19619,1248000,19621,1248000,19618,30,19619,20,19620,55,19622,20,
19521,1,19731,0,19734,2779351,19734,624000,19735,34,19717,422400,19723,307200,19729,940800,19731,940800,19720,38,19728,72,19731,30,19733,0,
19622,1,19836,0,19841,2726857,19843,624000,19845,34,19819,422400,19825,422400,19831,307200,19837,307200,19824,33,19829,30,19835,55,19841,45,
19734,1,19922,0,19923,3335976,19923,624000,19924,32,19919,307200,19920,307200,19921,2150400,19922,2150400,19920,50,19921,66,19922,37,19923,16,
19842,1,20036,0,20041,2865259,20042,624000,20043,32,20020,960000,20026,960000,20031,307200,20037,307200,20025,54,20030,66,20035,20,20040,18,
19923,1,20124,0,20125,3584363,20125,624000,20126,32,20120,960000,20122,960000,20123,1632000,20124,1632000,20121,55,20122,50,20124,88,20125,14,
20041,1,20229,0,20231,3869982,20232,624000,20233,32,20221,960000,20223,960000,20227,2150400,20229,2150400,20222,20,20226,45,20229,77,20231,20,
20125,1,20276,0,20279,4131483,20279,624000,20280,32,20271,1593600,20273,1593600,20274,1248000,20276,1478400,20272,75,20274,80,20276,0,20279,80,
20231,1,20377,0,20379,3007902,20379,624000,20380,32,20371,307200,20373,307200,20375,1248000,20377,1248000,20373,36,20375,22,20377,50,20379,55,
20265,1,20490,0,20494,2956271,20496,624000,20497,32,20474,307200,20480,307200,20485,1248000,20491,1248000,20479,50,20484,36,20489,71,20494,20,
20279,1,20591,0,20597,2606720,20599,624000,20601,32,20574,307200,20580,307200,20586,1036800,20592,1248000,20579,63,20584,44,20590,11,20596,10,
20379,1,20693,0,20700,3000295,20702,624000,20704,32,20675,307200,20682,307200,20688,1248000,20695,1248000,20680,50,20686,27,20692,46,20700,55,
20494,1,20794,0,20800,2775491,20801,624000,20803,32,20777,307200,20783,307200,20789,1248000,20795,480000,20782,40,20787,54,20793,44,20799,41,
20598,1,20893,0,20899,2554417,20901,624000,20902,37,20877,307200,20882,307200,20887,307200,20894,307200,20881,40,20886,33,20892,60,20899,33,
20701,1,20993,0,20999,2931500,21000,624000,21002,37,20978,307200,20983,307200,20988,307200,20994,307200,20982,50,20986,55,20992,33,20998,20,
20800,1,21096,0,21103,3278526,21105,624000,21107,37,21079,307200,21085,307200,21091,1401600,21098,652800,21084,37,21089,50,21095,50,21103,50,
20900,1,21196,0,21199,3371112,21199,624000,21200,37,21180,480000,21185,480000,21191,1248000,21197,1248000,21184,50,21190,46,21195,50,21199,36,
20999,1,21302,0,21308,2925655,21309,624000,21310,37,21282,307200,21289,307200,21295,307200,21303,307200,21287,41,21294,25,21301,63,21308,20,
21104,1,21386,0,21389,3491713,21389,624000,21390,37,21382,1593600,21383,1593600,21385,307200,21387,307200,21383,33,21384,50,21386,33,21388,33,
21199,1,21495,0,21498,3186241,21499,624000,21499,37,21483,422400,21488,422400,21492,940800,21496,940800,21486,33,21491,58,21495,54,21498,30,
21308,1,21597,0,21602,3342954,21603,624000,21604,37,21584,307200,21589,422400,21593,1401600,21598,1401600,21588,54,21592,33,21596,44,21601,30,
21389,1,21704,0,21709,2937346,21709,624000,21710,37,21685,307200,21691,307200,21699,307200,21706,307200,21690,50,21697,33,21703,40,21709,44,
21498,1,21808,0,21811,3122789,21811,624000,21812,37,21786,307200,21794,307200,21802,307200,21808,1248000,21792,22,21800,40,21807,45,21810,45,
21602,1,21904,0,21908,3018411,21909,624000,21909,35,21887,307200,21893,960000,21898,307200,21905,307200,21892,60,21897,33,21903,40,21908,25,
21709,1,22006,0,22012,3077830,22013,624000,22014,35,21988,307200,21994,307200,22001,307200,22008,1248000,21992,54,21999,45,22005,36,22011,63,
21811,1,22113,0,22116,3042819,22117,624000,22120,35,22088,960000,22095,422400,22102,403200,22113,307200,22093,83,22101,40,22112,40,22116,27,
21908,1,22204,0,22208,2847666,22208,624000,22209,35,22189,307200,22195,307200,22199,403200,22205,403200,22193,60,22198,44,22203,62,22208,50,
22012,1,22306,0,22311,2801784,22312,624000,22313,35,22290,422400,22296,422400,22301,307200,22308,307200,22295,45,22300,44,22305,22,22311,36,
22116,1,22408,0,22411,3027810,22412,624000,22412,35,22391,960000,22397,960000,22402,307200,22409,403200,22396,50,22401,45,22407,30,22411,22,
22208,1,22509,0,22512,2829490,22513,624000,22514,35,22492,960000,22499,307200,22505,307200,22510,307200,22496,25,22504,54,22509,36,22512,20,
22311,1,22611,0,22618,2768313,22619,624000,22621,35,22593,307200,22600,307200,22605,403200,22613,307200,22598,61,22604,44,22610,12,22617,20,
22412,1,22702,0,22708,3680797,22709,624000,22710,35,22693,307200,22695,307200,22696,1555200,22703,1555200,22695,66,22696,57,22701,63,22708,66,
22512,1,22813,0,22818,2797642,22819,624000,22820,35,22798,422400,22803,422400,22808,307200,22814,307200,22802,61,22807,33,22811,33,22817,11,
22618,1,22906,0,22909,3086025,22910,624000,22910,32,22899,960000,22901,960000,22904,1248000,22907,1248000,22901,60,22903,33,22906,10,22909,11,
22708,1,23019,0,23025,2536879,23027,624000,23028,32,23000,307200,23006,307200,23013,307200,23020,307200,23005,22,23011,30,23018,50,23025,37,
22818,1,23110,0,23113,2895063,23114,624000,23115,32,23100,960000,23103,960000,23108,307200,23111,1248000,23102,37,23107,37,23110,40,23113,36,
22909,1,23227,0,23231,2568800,23232,624000,23233,32,23202,307200,23208,307200,23215,480000,23228,403200,23206,37,23214,27,23225,36,23230,41,
23026,1,23321,0,23327,2564809,23328,624000,23328,32,23302,307200,23309,307200,23315,307200,23322,307200,23307,63,23313,42,23320,55,23326,22,
23113,1,23414,0,23416,3022192,23418,624000,23419,32,23403,307200,23410,307200,23412,1248000,23414,1248000,23409,40,23412,40,23414,50,23416,55,
23231,1,23520,0,23526,2687671,23527,624000,23528,32,23505,422400,23511,960000,23516,307200,23521,307200,23510,37,23515,50,23519,22,23525,40,
23327,1,23614,0,23616,3247289,23617,624000,23618,32,23606,652800,23609,960000,23611,1190400,23614,1190400,23608,60,23610,50,23613,70,23616,44,
23417,1,23726,0,23729,2531920,23730,624000,23730,32,23707,556800,23714,307200,23720,307200,23727,307200,23712,14,23718,20,23725,30,23729,50,
23526,1,23818,0,23824,3245636,23826,624000,23827,32,23807,844800,23810,844800,23813,1248000,23819,1478400,23809,33,23812,33,23816,77,23823,36,
23616,1,23920,0,23925,2787743,23926,624000,23927,36,23908,960000,23912,960000,23916,403200,23921,403200,23912,44,23915,33,23919,45,23924,50,
23729,1,24028,0,24031,2941375,24032,624000,24033,36,24010,307200,24016,307200,24024,307200,24029,1248000,24014,40,24022,22,24028,60,24031,22,
23824,1,24115,0,24117,3222689,24117,624000,24118,36,24110,422400,24112,422400,24113,1248000,24115,1248000,24111,50,24113,22,24114,55,24117,25,
23925,1,24223,0,24226,3057055,24227,624000,24228,36,24211,844800,24216,844800,24220,729600,24224,729600,24215,11,24220,66,24222,36,24226,9,
24031,1,24330,0,24331,3731091,24331,624000,24331,36,24312,307200,24318,307200,24326,307200,24330,2150400,24317,44,24324,22,24329,58,24331,72,
24117,1,24430,0,24433,3276713,24433,624000,24434,36,24414,960000,24421,960000,24426,307200,24431,1248000,24420,63,24425,44,24429,36,24433,30,
24226,1,24532,0,24538,2971272,24539,624000,24541,36,24515,307200,24521,307200,24526,1036800,24533,403200,24519,30,24525,60,24530,33,24537,41,
24331,1,24635,0,24641,3122040,24642,624000,24644,36,24616,307200,24623,307200,24629,1248000,24636,1248000,24621,40,24627,30,24634,45,24641,20,
24433,1,24736,0,24743,3293987,24744,624000,24746,36,24717,307200,24723,307200,24730,1248000,24737,1248000,24722,22,24728,44,24735,50,24742,50,
24538,1,24833,0,24838,2923427,24839,624000,24841,36,24818,422400,24823,422400,24828,307200,24834,307200,24822,66,24827,66,24832,40,24838,22,
24641,1,24931,0,24934,3153777,24934,624000,24935,31,24919,307200,24925,307200,24929,883200,24932,1248000,24924,44,24928,50,24931,54,24933,37,
24743,1,25025,0,25027,2911036,25028,624000,25029,31,25020,307200,25022,307200,25023,1248000,25026,1248000,25021,55,25023,33,25025,42,25027,55,
24838,1,25136,0,25141,2803164,25142,624000,25144,31,25121,960000,25126,960000,25131,307200,25137,307200,25125,72,25130,50,25135,20,25141,30,
24934,1,25229,0,25233,2536900,25234,624000,25235,31,25221,307200,25224,307200,25226,883200,25229,403200,25223,22,25226,70,25228,30,25232,22,
25027,1,25348,0,25352,2450896,25353,624000,25354,31,25323,307200,25329,307200,25338,403200,25348,1248000,25328,25,25335,12,25346,61,25352,0,
25141,1,25440,0,25446,2563572,25448,624000,25449,31,25424,307200,25430,960000,25435,307200,25441,307200,25428,50,25433,33,25439,37,25445,44,
25233,1,25538,0,25542,2766598,25543,624000,25545,31,25524,1190400,25528,556800,25533,307200,25539,307200,25527,72,25532,22,25537,27,25542,22,
25352,1,25645,0,25648,2613073,25649,624000,25649,31,25625,422400,25632,307200,25639,652800,25646,652800,25631,50,25637,44,25644,72,25648,18,
25446,1,25745,0,25749,2492979,25750,624000,25751,31,25726,307200,25732,422400,25739,307200,25747,307200,25730,44,25737,25,25743,80,25749,27,
25543,1,25845,0,25849,2483345,25850,624000,25851,31,25828,307200,25833,307200,25841,307200,25846,556800,25832,37,25840,25,25845,63,25849,22,
25648,1,25936,0,25940,2924825,25940,624000,25941,31,25928,960000,25931,960000,25933,1248000,25937,1248000,25930,60,25933,33,25936,20,25939,30,
25750,1,26046,0,26049,2916254,26050,624000,26050,32,26029,307200,26035,307200,26041,1248000,26047,1248000,26034,40,26040,33,26045,50,26049,50,
25849,1,26149,0,26152,2716089,26152,624000,26153,32,26131,307200,26137,307200,26142,1036800,26150,883200,26136,44,26141,0,26148,44,26152,27,
25940,1,26250,0,26255,2608431,26256,624000,26258,32,26232,307200,26239,307200,26244,480000,26251,480000,26237,50,26243,41,26249,45,26254,42,
26049,1,26348,0,26353,2848804,26354,624000,26355,32,26333,960000,26339,960000,26344,307200,26349,403200,26337,72,26343,37,26347,11,26352,40,
26152,1,26457,0,26464,2554647,26466,624000,26469,32,26435,307200,26442,307200,26449,403200,26459,403200,26441,36,26448,33,26456,22,26463,46,
26255,1,26562,0,26569,2634021,26569,624000,26570,32,26536,307200,26543,307200,26551,1248000,26564,307200,26541,60,26550,50,26556,20,26568,25,
26353,1,26655,0,26662,2579035,26664,624000,26665,32,26637,307200,26643,307200,26649,403200,26656,307200,26641,45,26647,40,26653,60,26662,33,
26464,1,26759,0,26769,2678616,26769,624000,26770,32,26739,307200,26747,307200,26753,806400,26761,556800,26745,50,26752,41,26758,37,26768,55,
26569,1,26843,0,26845,2971463,26845,624000,26846,32,26839,307200,26841,307200,26842,1248000,26844,1248000,26840,55,26842,16,26843,63,26845,33,
26663,1,26951,0,26953,2802366,26953,624000,26954,32,26941,307200,26946,307200,26950,1248000,26951,1248000,26945,11,26949,30,26951,36,26953,30,
26769,1,27056,0,27061,2557643,27062,624000,27063,37,27042,307200,27048,307200,27052,403200,27057,403200,27046,55,27051,0,27055,54,27060,27,
26845,1,27150,0,27152,3421838,27153,624000,27154,37,27142,1113600,27145,1113600,27147,652800,27150,652800,27144,33,27147,60,27149,58,27152,55,
26953,1,27259,0,27265,3021393,27266,624000,27268,37,27243,960000,27248,652800,27254,307200,27260,307200,27247,30,27253,18,27258,44,27264,50,
27061,1,27352,0,27357,3045684,27358,624000,27358,37,27343,960000,27347,556800,27350,307200,27353,307200,27346,25,27349,60,27352,45,27354,28,
27152,1,27450,0,27452,3557624,27453,624000,27454,37,27444,1190400,27446,1190400,27448,1248000,27451,940800,27446,20,27448,70,27450,50,27452,20,
27265,1,27559,0,27564,2938404,27565,624000,27567,37,27545,307200,27550,307200,27555,403200,27560,403200,27549,50,27554,27,27558,44,27564,20,
27357,1,27670,0,27674,3210585,27675,624000,27677,37,27647,307200,27657,307200,27663,307200,27671,1248000,27656,41,27662,36,27669,50,27674,60,
27453,1,27763,0,27768,3280265,27769,624000,27769,37,27748,960000,27754,960000,27759,307200,27764,307200,27753,87,27758,40,27762,20,27768,33,
27564,1,27868,0,27871,2883434,27871,624000,27872,37,27850,307200,27856,307200,27863,307200,27869,307200,27854,30,27861,36,27868,0,27871,18,
27674,1,27957,0,27961,3737679,27962,624000,27964,37,27950,1113600,27953,1113600,27955,1248000,27958,1248000,27952,50,27954,44,27956,88,27961,16,
27768,1,28068,0,28071,2942567,28072,624000,28072,34,28052,307200,28058,307200,28064,403200,28069,403200,28057,62,28063,30,28068,18,28071,40,
27871,1,28166,0,28171,2746329,28171,624000,28173,34,28152,422400,28157,422400,28162,556800,28167,556800,28156,55,28161,33,28165,30,28170,11,
27961,1,28271,0,28276,2722978,28278,624000,28279,34,28253,422400,28259,307200,28265,307200,28272,307200,28258,44,28264,30,28270,60,28276,33,
28071,1,28368,0,28371,2836232,28371,624000,28372,34,28354,729600,28359,480000,28364,307200,28368,307200,28358,66,28363,60,28367,25,28371,11,
28171,1,28468,0,28470,2826389,28471,624000,28471,34,28455,307200,28459,307200,28465,307200,28469,1248000,28458,44,28463,44,28468,54,28470,27,
28277,1,28559,0,28560,3496879,28560,624000,28560,34,28556,480000,28557,480000,28558,2150400,28559,2150400,28557,50,28558,55,28559,50,28560,12,
28371,1,28676,0,28683,2713913,28685,624000,28687,34,28658,307200,28664,307200,28670,556800,28678,556800,28663,66,28669,25,28675,20,28683,18,
28470,1,28765,0,28768,3002628,28769,624000,28770,34,28758,960000,28760,960000,28763,307200,28766,307200,28760,70,28762,33,28765,50,28768,50,
28560,1,28865,0,28869,3137083,28869,624000,28869,34,28859,960000,28862,960000,28864,1248000,28866,556800,28861,45,28863,50,28865,40,28868,18,
28684,1,28971,0,28976,2844764,28977,624000,28980,34,28960,652800,28963,652800,28967,729600,28972,556800,28963,36,28966,25,28970,45,28976,25,
28768,1,29079,0,29086,2696936,29089,624000,29090,32,29061,307200,29067,307200,29074,307200,29080,307200,29066,50,29073,20,29078,30,29085,50,
28869,1,29180,0,29187,2572604,29188,624000,29188,32,29163,307200,29169,307200,29174,307200,29181,307200,29168,63,29173,44,29179,33,29186,54,
28976,1,29276,0,29280,2645856,29281,624000,29283,32,29263,556800,29268,556800,29272,403200,29277,403200,29266,45,29271,44,29275,45,29280,30,
29087,1,29372,0,29374,2861689,29375,624000,29376,32,29364,307200,29366,307200,29369,883200,29372,883200,29366,50,29368,25,29371,55,29374,72,
29187,1,29424,0,29428,2617638,29429,624000,29430,32,29415,307200,29417,307200,29421,480000,29425,480000,29417,25,29420,42,29424,66,29428,42,
29281,1,29533,0,29539,2539477,29540,624000,29541,32,29517,307200,29523,307200,29528,307200,29534,307200,29521,63,29527,22,29532,36,29538,22,
29374,1,29622,0,29624,2875598,29624,624000,29625,32,29617,307200,29619,307200,29620,1248000,29622,1248000,29619,50,29620,50,29622,45,29624,28,
29428,1,29729,0,29733,2653152,29734,624000,29735,32,29718,422400,29721,422400,29725,652800,29730,480000,29720,55,29724,40,29728,44,29732,27,
29539,1,29838,0,29844,2535580,29845,624000,29847,32,29820,307200,29826,307200,29833,307200,29839,307200,29824,44,29832,55,29837,18,29843,20,
29624,1,29928,0,29932,3187683,29932,624000,29933,32,29919,960000,29922,960000,29925,1036800,29929,1036800,29921,54,29924,60,29927,37,29931,62,
29733,1,30040,0,30048,2515444,30048,624000,30049,32,30021,307200,30027,307200,30033,307200,30042,307200,30026,20,30032,30,30039,45,30047,11,
29844,1,30130,0,30133,2868400,30133,624000,30134,32,30122,960000,30125,960000,30128,307200,30131,307200,30125,62,30128,55,30130,33,30133,25,
29932,1,30238,0,30244,2679114,30245,624000,30246,32,30224,307200,30230,960000,30234,403200,30239,403200,30229,40,30233,36,30237,45,30243,50,
30048,1,30328,0,30329,3719402,30329,624000,30330,32,30325,307200,30326,1036800,30327,2150400,30328,2150400,30326,80,30327,77,30328,50,30329,25,
30133,1,30430,0,30431,3621421,30432,624000,30432,32,30426,729600,30427,729600,30429,1248000,30431,2150400,30427,12,30428,40,30430,88,30431,50,
30244,1,30538,0,30542,2752142,30543,624000,30546,32,30527,729600,30531,422400,30534,556800,30539,556800,30530,60,30534,44,30538,36,30542,55,
30329,1,30633,0,30635,3296090,30635,624000,30635,32,30628,960000,30630,960000,30632,1113600,30633,1113600,30630,60,30631,66,30633,63,30635,42,
30431,1,30742,0,30746,2538408,30748,624000,30748,32,30729,307200,30734,307200,30738,403200,30743,403200,30733,33,30737,11,30741,27,30746,41,
30483,1,30847,0,30849,2732277,30850,624000,30850,32,30830,960000,30835,960000,30841,307200,30848,307200,30834,40,30839,30,30846,36,30849,50,
30542,1,30940,0,30942,2881790,30942,624000,30943,32,30931,729600,30935,729600,30938,1113600,30940,1113600,30934,30,30938,37,30939,37,30941,33,
30635,1,31051,0,31056,2542725,31058,624000,31060,41,31034,307200,31040,307200,31045,307200,31052,307200,31039,25,31044,63,31050,30,31056,30,
30746,1,31144,0,31148,3315760,31148,624000,31149,41,31134,307200,31138,307200,31141,652800,31145,652800,31137,12,31140,44,31143,54,31148,25,
30850,1,31249,0,31254,3283990,31255,624000,31256,41,31235,480000,31239,729600,31244,307200,31250,307200,31238,40,31243,22,31248,57,31253,27,
30942,1,31341,0,31343,3876068,31343,624000,31344,41,31335,960000,31338,960000,31340,1248000,31342,1248000,31337,55,31339,66,31341,44,31343,25,
31057,1,31454,0,31456,3607100,31456,624000,31457,41,31437,307200,31443,307200,31452,1248000,31454,1248000,31442,27,31450,40,31454,36,31456,50,
31148,1,31553,0,31556,3616938,31556,624000,31557,41,31538,960000,31544,960000,31549,307200,31554,307200,31542,66,31548,70,31552,44,31556,11,
31254,1,31643,0,31644,3569592,31645,624000,31645,41,31638,307200,31640,307200,31641,1248000,31643,1248000,31639,33,31641,30,31642,42,31644,37,
31343,1,31755,0,31760,3261972,31761,624000,31763,41,31740,556800,31745,556800,31750,307200,31756,307200,31744,33,31749,25,31754,50,31759,16,
31456,1,31845,0,31847,3519878,31847,624000,31848,41,31840,422400,31842,422400,31843,1248000,31845,1248000,31841,54,31843,63,31845,42,31847,12,
31556,1,31957,0,31963,3209395,31964,624000,31965,41,31941,307200,31947,307200,31952,307200,31958,307200,31946,22,31951,38,31956,18,31962,37,
31645,1,32052,0,32053,4528113,32054,624000,32054,31,32043,307200,32049,960000,32050,2150400,32052,2150400,32048,60,32050,44,32051,60,32053,37,
31760,1,32155,0,32160,2728194,32162,624000,32163,31,32143,960000,32146,960000,32151,307200,32156,307200,32146,63,32150,33,32154,22,32160,44,
31847,1,32260,0,32266,2661610,32267,624000,32268,31,32244,960000,32250,652800,32255,307200,32261,307200,32248,54,32253,40,32259,33,32265,30,
31963,1,32361,0,32363,2651014,32363,624000,32364,31,32345,307200,32351,307200,32356,1401600,32362,1401600,32349,60,32354,66,32361,33,32363,0,
32054,1,32461,0,32463,2611829,32464,624000,32465,31,32446,307200,32453,307200,32457,729600,32461,729600,32452,33,32457,20,32460,63,32463,33,
32161,1,32556,0,32558,2726737,32558,624000,32559,31,32547,960000,32552,422400,32554,940800,32556,940800,32551,70,32553,22,32555,22,32558,11,
32266,1,32661,0,32666,2565917,32667,624000,32668,31,32648,422400,32653,422400,32657,403200,32662,403200,32652,63,32656,22,32660,60,32665,60,
32363,1,32766,0,32769,2550805,32769,624000,32770,31,32750,556800,32755,307200,32760,307200,32767,307200,32754,63,32759,33,32764,41,32769,63,
32464,1,32864,0,32869,2515946,32869,624000,32870,31,32850,422400,32855,422400,32859,403200,32866,307200,32854,77,32858,33,32863,11,32869,41,
32558,1,32966,0,32969,2495228,32970,624000,32970,31,32951,307200,32957,307200,32961,403200,32968,307200,32956,11,32960,50,32965,50,32969,60,
32666,1,33065,0,33069,2680725,33069,624000,33070,30,33051,1036800,33054,307200,33060,940800,33066,940800,33053,36,33058,72,33064,30,33069,11,
32769,1,33162,0,33166,3641911,33166,624000,33167,30,33152,556800,33156,556800,33159,2150400,33163,2150400,33155,40,33158,55,33161,75,33165,22,
32869,1,33276,0,33282,2665800,33284,624000,33285,30,33255,307200,33267,307200,33272,940800,33277,940800,33266,50,33271,38,33275,45,33282,54,
32969,1,33373,0,33379,2381369,33381,624000,33382,30,33355,307200,33362,307200,33368,307200,33374,307200,33360,33,33366,14,33372,44,33379,44,
33069,1,33474,0,33480,2412256,33482,624000,33484,30,33456,307200,33463,307200,33468,1190400,33475,403200,33461,40,33467,50,33473,11,33480,10,
33166,1,33574,0,33580,2591816,33582,624000,33583,30,33558,307200,33563,307200,33568,806400,33575,806400,33562,44,33567,44,33572,33,33580,63,
33283,1,33662,0,33663,2998103,33664,624000,33664,30,33657,960000,33659,960000,33660,1248000,33662,1248000,33659,60,33660,30,33662,60,33663,22,
33380,1,33769,0,33771,2817291,33771,624000,33772,30,33758,307200,33763,729600,33768,1248000,33769,1248000,33762,42,33767,22,33769,50,33771,40,
33481,1,33876,0,33882,2460609,33885,624000,33887,30,33860,556800,33866,556800,33871,307200,33877,307200,33865,25,33870,54,33875,50,33881,30,
33581,1,33972,0,33973,2914163,33974,624000,33974,30,33961,307200,33969,307200,33970,1248000,33972,1248000,33968,40,33970,40,33972,54,33973,60,
33663,1,34074,0,34080,2400717,34082,624000,34084,35,34061,422400,34065,422400,34069,307200,34075,307200,34064,60,34068,12,34073,33,34080,22,
33771,1,34168,0,34174,2972035,34176,624000,34178,35,34162,307200,34164,307200,34165,1248000,34169,307200,34164,70,34165,11,34167,44,34174,37,
33883,1,34268,0,34269,3839180,34269,624000,34270,35,34263,307200,34265,307200,34266,2150400,34268,1996800,34265,44,34266,25,34268,58,34269,36,
33973,1,34373,0,34375,3012205,34376,624000,34376,35,34365,307200,34369,307200,34371,1248000,34374,1248000,34368,30,34371,27,34373,10,34375,50,
34081,1,34475,0,34477,3045369,34478,624000,34479,35,34466,307200,34469,960000,34472,652800,34475,652800,34468,42,34471,54,34474,40,34477,50,
34175,1,34583,0,34588,2799388,34589,624000,34589,35,34567,556800,34573,307200,34578,307200,34584,307200,34571,50,34577,33,34582,45,34588,0,
34269,1,34682,0,34687,2826627,34688,624000,34689,35,34668,422400,34673,422400,34678,307200,34683,307200,34672,63,34676,36,34681,44,34687,37,
34375,1,34786,0,34789,3050178,34789,624000,34789,35,34769,422400,34774,422400,34780,1248000,34787,480000,34773,60,34779,16,34785,50,34789,42,
34477,1,34889,0,34893,2775674,34894,624000,34896,35,34870,307200,34878,307200,34884,403200,34889,403200,34876,22,34883,27,34888,40,34893,33,
34588,1,34980,0,34984,2977063,34985,624000,34986,35,34970,652800,34973,652800,34976,556800,34981,556800,34972,55,34976,22,34980,60,34984,50,
34688,1,35075,0,35077,3370409,35077,624000,35077,31,35071,960000,35072,960000,35074,1248000,35075,1248000,35072,40,35073,50,35075,55,35076,25,
34789,1,35189,0,35195,2685120,35196,624000,35198,31,35172,307200,35178,307200,35184,1036800,35190,883200,35177,45,35182,50,35188,45,35194,30,
34893,1,35291,0,35297,2741478,35298,624000,35300,31,35273,307200,35280,307200,35285,307200,35292,1248000,35278,33,35284,33,35290,22,35296,63,
34984,1,35388,0,35391,2771994,35392,624000,35392,31,35374,729600,35378,729600,35383,883200,35389,883200,35377,45,35382,81,35387,20,35391,25,
35077,1,35494,0,35501,2603183,35503,624000,35505,31,35475,652800,35482,307200,35488,556800,35496,556800,35480,63,35486,40,35493,36,35501,27,
35195,1,35598,0,35604,3544764,35606,624000,35607,31,35577,307200,35583,307200,35592,2150400,35599,2150400,35582,50,35590,30,35597,40,35603,50,
35297,1,35697,0,35705,2506977,35706,624000,35708,31,35678,307200,35684,307200,35691,403200,35699,403200,35683,63,35690,36,35695,50,35704,28,
35391,1,35785,0,35788,2740893,35789,624000,35790,31,35778,960000,35780,960000,35782,403200,35786,403200,35780,55,35782,33,35785,44,35788,44,
35502,1,35889,0,35894,2548461,35895,624000,35896,31,35880,307200,35883,307200,35887,883200,35890,883200,35882,63,35886,25,35889,20,35894,22,
35604,1,35998,0,36004,2476012,36005,624000,36007,31,35982,307200,35988,307200,35993,307200,35999,307200,35986,55,35992,33,35996,55,36003,20,
35705,1,36108,0,36111,2501849,36112,624000,36113,33,36083,307200,36091,307200,36099,307200,36108,1248000,36090,66,36098,33,36105,27,36111,10,
35788,1,36207,0,36210,2912737,36210,624000,36211,33,36183,307200,36191,307200,36200,1036800,36208,940800,36189,50,36199,46,36205,54,36210,40,
35894,1,36302,0,36307,2752340,36308,624000,36308,33,36284,307200,36291,960000,36296,307200,36303,307200,36289,45,36295,55,36300,30,36306,0,
36004,1,36393,0,36395,2892443,36396,624000,36397,33,36385,652800,36388,1036800,36391,652800,36393,652800,36387,60,36390,30,36392,44,36395,37,
36111,1,36495,0,36501,2654605,36503,624000,36504,33,36486,307200,36487,307200,36491,480000,36496,307200,36487,45,36490,45,36494,30,36501,58,
36210,1,36604,0,36608,2898963,36608,624000,36609,33,36588,960000,36593,960000,36599,307200,36605,307200,36592,45,36598,60,36603,36,36608,12,
36307,1,36709,0,36715,2584755,36717,624000,36719,33,36689,307200,36695,307200,36702,307200,36710,307200,36693,50,36700,22,36707,14,36715,9,
36395,1,36802,0,36807,3121700,36808,624000,36808,33,36789,422400,36794,422400,36798,1190400,36803,1190400,36793,50,36797,88,36801,50,36806,50,
36502,1,36906,0,36910,2808875,36912,624000,36914,33,36890,960000,36893,960000,36901,307200,36908,307200,36892,44,36899,30,36905,36,36910,30,
36608,1,37010,0,37015,2860779,37016,624000,37017,33,36991,307200,36997,307200,37003,1190400,37011,1248000,36996,37,37002,58,37009,36,37014,22,
36716,1,37109,0,37112,2915931,37112,624000,37114,36,37092,960000,37098,556800,37105,307200,37110,1248000,37097,53,37104,50,37109,33,37112,25,
36807,1,37211,0,37216,3107881,37218,624000,37220,36,37193,307200,37199,307200,37205,1248000,37212,940800,37198,36,37204,40,37210,55,37216,10,
36911,1,37311,0,37319,2901859,37320,624000,37322,36,37293,480000,37299,307200,37305,307200,37312,307200,37298,60,37304,50,37310,60,37318,11,
37015,1,37411,0,37418,2883624,37419,624000,37421,36,37394,307200,37401,307200,37406,307200,37413,307200,37399,37,37405,45,37410,54,37417,66,
37112,1,37510,0,37511,3127381,37512,624000,37512,36,37496,307200,37502,307200,37508,307200,37510,1248000,37501,55,37506,50,37509,50,37511,55,
37217,1,37601,0,37603,3229784,37603,624000,37604,36,37596,307200,37598,307200,37600,1248000,37602,1248000,37598,40,37599,50,37601,44,37603,40,
37319,1,37705,0,37708,2885385,37708,624000,37709,36,37697,307200,37700,307200,37703,883200,37706,883200,37699,66,37702,41,37705,0,37707,22,
37418,1,37811,0,37815,2944830,37815,624000,37816,36,37801,307200,37804,307200,37808,652800,37812,652800,37803,22,37808,12,37811,53,37814,40,
37511,1,37911,0,37914,3973769,37915,624000,37915,36,37901,652800,37905,652800,37909,1632000,37912,1632000,37904,90,37908,25,37911,75,37914,55,
37603,1,38018,0,38023,2911320,38025,624000,38026,36,38003,307200,38009,960000,38013,307200,38019,307200,38007,30,38012,30,38017,33,38023,30,
37708,1,38119,0,38123,3200540,38124,624000,38125,34,38104,960000,38109,1190400,38114,403200,38120,403200,38108,30,38113,63,38118,33,38123,30,
37815,1,38222,0,38228,2750421,38229,624000,38229,34,38204,652800,38209,307200,38216,403200,38223,403200,38207,25,38214,33,38221,50,38228,40,
37914,1,38326,0,38332,2724374,38333,624000,38335,34,38305,422400,38311,307200,38320,307200,38328,307200,38309,50,38318,33,38324,33,38332,50,
38024,1,38365,0,38370,2874229,38370,624000,38372,34,38355,652800,38359,652800,38362,307200,38366,307200,38358,100,38361,50,38365,0,38369,0,
38123,1,38470,0,38471,2851361,38471,624000,38472,34,38456,422400,38462,422400,38468,307200,38470,1248000,38461,11,38467,66,38469,40,38471,30,
38228,1,38559,0,38560,3774083,38560,624000,38561,34,38556,960000,38557,960000,38558,2150400,38559,2150400,38557,25,38558,63,38559,60,38560,11,
38332,1,38668,0,38674,2822934,38675,624000,38677,34,38658,652800,38661,652800,38664,480000,38670,403200,38660,30,38664,33,38667,60,38673,40,
38370,1,38772,0,38777,3040145,38779,624000,38781,34,38759,960000,38764,960000,38769,307200,38772,556800,38763,63,38768,50,38771,40,38776,30,
38471,1,38879,0,38886,2714250,38887,624000,38888,34,38860,307200,38866,307200,38873,403200,38881,307200,38865,36,38872,44,38878,27,38886,58,
38560,1,38978,0,38985,2700953,38987,624000,38988,34,38961,422400,38966,422400,38971,307200,38979,307200,38965,55,38970,33,38975,11,38985,11,
38674,1,39081,0,39087,2727465,39088,624000,39088,34,39062,307200,39070,307200,39078,307200,39083,307200,39068,50,39076,33,39081,70,39086,44,
38778,1,39183,0,39189,2708628,39189,624000,39190,34,39163,307200,39170,307200,39175,307200,39185,307200,39168,40,39174,50,39182,33,39189,45,
38886,1,39273,0,39277,3489528,39278,624000,39279,34,39264,960000,39266,960000,39270,1248000,39274,1248000,39266,50,39269,54,39272,55,39276,55,
38985,1,39383,0,39388,2857990,39389,624000,39389,34,39365,307200,39372,960000,39378,307200,39385,307200,39370,44,39377,54,39382,54,39388,27,
39087,1,39475,0,39478,2799389,39478,624000,39479,34,39465,960000,39470,307200,39473,307200,39476,307200,39468,50,39472,44,39475,0,39478,11,
39189,1,39583,0,39588,2696287,39588,624000,39589,34,39567,307200,39573,307200,39578,307200,39584,307200,39572,30,39576,18,39582,60,39588,41,
39278,1,39685,0,39689,2722268,39689,624000,39690,34,39669,307200,39674,307200,39680,307200,39686,307200,39673,60,39678,45,39684,54,39689,30,
39388,1,39793,0,39798,2946286,39804,624000,39805,34,39770,307200,39776,307200,39784,307200,39794,1248000,39775,72,39782,58,39792,20,39798,50,
39478,1,39888,0,39895,2748732,39896,624000,39899,34,39871,307200,39877,307200,39882,307200,39890,403200,39875,54,39881,37,39886,60,39894,55,
39588,1,39987,0,39993,2975525,39994,624000,39995,34,39971,960000,39977,960000,39982,307200,39988,307200,39976,45,39981,63,39986,33,39992,0,
39689,1,40088,0,40093,2888036,40094,624000,40096,34,40072,960000,40077,960000,40082,307200,40089,307200,40076,44,40080,33,40087,44,40092,11,
39799,1,40188,0,40192,2705376,40193,624000,40194,32,40172,307200,40177,307200,40182,307200,40189,403200,40176,25,40181,25,40187,50,40192,44,
39895,1,40294,0,40300,2731750,40301,624000,40302,32,40273,307200,40282,307200,40289,729600,40295,729600,40280,50,40288,40,40293,45,40299,60,
39993,1,40394,0,40401,2592573,40402,624000,40404,32,40375,307200,40381,307200,40387,403200,40395,307200,40380,66,40386,50,40393,55,40401,30,
40093,1,40488,0,40491,2734704,40492,624000,40493,32,40475,307200,40480,307200,40484,403200,40488,1248000,40479,60,40483,40,40487,63,40491,33,
40192,1,40588,0,40591,3680362,40592,624000,40594,32,40575,844800,40578,844800,40583,1708800,40589,1708800,40578,33,40582,60,40588,77,40591,40,
40300,1,40688,0,40691,3076327,40691,624000,40692,32,40677,307200,40682,729600,40685,1190400,40689,1248000,40681,75,40684,30,40687,88,40691,22,
40401,1,40795,0,40802,2565459,40803,624000,40805,32,40778,307200,40784,307200,40790,307200,40796,307200,40783,40,40788,45,40794,58,40801,40,
40492,1,40883,0,40885,3319810,40885,624000,40886,32,40878,1113600,40880,1113600,40881,1248000,40883,1248000,40879,25,40881,40,40883,55,40885,66,
40592,1,40995,0,41001,2540127,41003,624000,41005,32,40979,307200,40984,307200,40989,307200,40996,307200,40983,33,40988,12,40993,33,41000,66,
40691,1,41098,0,41103,2579805,41104,624000,41105,32,41080,422400,41087,422400,41093,307200,41099,307200,41086,44,41092,40,41097,37,41102,40,
40723,1,41190,0,41191,2915295,41191,624000,41192,37,41180,960000,41184,960000,41188,1248000,41190,1248000,41183,37,41188,45,41189,40,41191,0,
40802,1,41300,0,41306,2929257,41307,624000,41309,37,41282,307200,41288,422400,41295,307200,41301,307200,41287,60,41293,22,41299,36,41305,25,
40885,1,41401,0,41408,3181379,41409,624000,41410,37,41383,307200,41388,307200,41395,883200,41402,883200,41387,63,41393,40,41400,54,41408,45,
41002,1,41498,0,41503,3479221,41504,624000,41505,37,41483,556800,41486,556800,41492,1113600,41499,1324800,41486,50,41491,54,41496,54,41503,50,
41103,1,41598,0,41602,2945016,41603,624000,41605,37,41585,307200,41589,307200,41594,403200,41599,403200,41588,33,41593,37,41597,54,41602,22,
41191,1,41689,0,41691,3101381,41691,624000,41692,37,41685,307200,41686,307200,41688,1324800,41690,1324800,41686,37,41688,44,41689,40,41691,0,
41306,1,41801,0,41807,2911365,41808,624000,41808,37,41786,307200,41790,307200,41797,307200,41803,307200,41789,22,41795,20,41801,45,41807,40,
41409,1,41907,0,41909,2945141,41909,624000,41910,37,41888,307200,41896,307200,41902,307200,41907,307200,41895,50,41900,54,41905,30,41909,45,
41504,1,42009,0,42011,3420037,42011,624000,42012,37,41988,844800,41993,307200,42004,1248000,42009,1248000,41992,55,41999,14,42008,50,42011,37,
41603,1,42105,0,42108,2930851,42109,624000,42109,37,42089,307200,42094,307200,42100,307200,42106,307200,42093,30,42099,44,42104,50,42108,33,
41691,1,42203,0,42206,3093133,42207,624000,42208,36,42190,729600,42195,729600,42199,403200,42204,403200,42194,50,42198,50,42202,40,42206,12,
41807,1,42307,0,42313,2866569,42314,624000,42315,36,42291,307200,42297,307200,42302,307200,42309,403200,42295,22,42301,22,42306,53,42312,55,
41909,1,42409,0,42415,2836857,42416,624000,42430,36,42392,307200,42399,307200,42404,307200,42410,307200,42397,22,42403,45,42408,33,42414,30,
42011,1,42510,0,42513,2862189,42513,624000,42514,36,42493,307200,42499,307200,42507,307200,42511,307200,42498,70,42505,44,42510,22,42513,33,
42109,1,42612,0,42617,3102612,42618,624000,42619,36,42594,307200,42602,307200,42608,883200,42613,883200,42600,50,42607,45,42611,40,42616,60,
42207,1,42712,0,42715,2861540,42716,624000,42717,36,42695,307200,42702,307200,42708,307200,42712,307200,42701,44,42707,40,42711,40,42714,44,
42313,1,42811,0,42817,2853745,42819,624000,42820,36,42796,307200,42801,307200,42806,307200,42813,307200,42800,40,42805,44,42810,60,42817,12,
42415,1,42911,0,42917,2975707,42919,624000,42921,36,42897,422400,42903,422400,42906,652800,42912,307200,42901,62,42906,54,42910,45,42917,40,
42513,1,43010,0,43012,3341524,43012,624000,43013,36,42998,729600,43003,729600,43008,1248000,43010,1248000,43002,25,43007,70,43009,27,43012,50,
42617,1,43114,0,43131,3101177,43132,624000,43133,36,43098,960000,43103,960000,43108,403200,43116,403200,43102,33,43107,50,43113,46,43130,36,
42715,1,43211,0,43214,3003818,43215,624000,43216,30,43199,307200,43205,307200,43209,883200,43212,883200,43204,37,43208,88,43211,37,43214,22,
42818,1,43318,0,43325,2413647,43327,624000,43328,30,43300,307200,43306,307200,43312,403200,43319,403200,43305,33,43311,30,43317,45,43325,40,
42918,1,43416,0,43422,2765795,43424,624000,43425,30,43401,422400,43406,422400,43411,1248000,43418,1248000,43405,50,43409,44,43415,46,43422,30,
43012,1,43522,0,43528,2395009,43529,624000,43530,30,43503,307200,43511,307200,43517,307200,43524,307200,43509,45,43515,50,43521,41,43528,20,
43131,1,43616,0,43620,2492053,43621,624000,43622,30,43605,307200,43610,960000,43613,307200,43617,307200,43609,50,43612,44,43616,22,43619,11,
43214,1,43710,0,43711,3278480,43712,624000,43712,30,43705,307200,43707,307200,43709,1708800,43711,1708800,43706,62,43709,44,43710,55,43711,54,
43326,1,43826,0,43830,2390463,43830,624000,43831,30,43807,307200,43814,307200,43820,307200,43827,307200,43813,12,43819,41,43825,27,43830,69,
43423,1,43927,0,43930,2502446,43930,624000,43932,30,43908,960000,43915,307200,43921,307200,43928,307200,43913,44,43920,66,43925,33,43930,0,
43529,1,44021,0,44027,2413810,44028,624000,44029,30,44009,556800,44013,556800,44017,307200,44022,307200,44012,33,44016,25,44020,55,44026,0,
43620,1,44115,0,44127,3658738,44128,624000,44128,30,44109,1113600,44111,1401600,44113,1324800,44116,1324800,44111,66,44113,77,44115,70,44120,44,
43712,1,44225,0,44230,4207656,44231,624000,44238,34,44210,307200,44215,307200,44220,2150400,44226,2150400,44214,33,44219,33,44224,50,44230,100,
43830,1,44320,0,44323,4864595,44323,624000,44324,34,44310,960000,44312,960000,44315,2150400,44320,2150400,44312,50,44315,70,44318,50,44323,100,
43930,1,44417,0,44419,3029643,44419,624000,44420,34,44411,307200,44413,307200,44415,1248000,44417,1248000,44412,12,44414,36,44416,36,44419,44,
44027,1,44520,0,44523,2893919,44523,624000,44524,34,44512,307200,44515,307200,44518,806400,44521,806400,44515,50,44517,40,44520,54,44523,40,
44127,1,44629,0,44634,2845862,44635,624000,44637,34,44614,960000,44619,960000,44624,307200,44630,307200,44618,60,44623,0,44628,36,44634,40,
44230,1,44720,0,44722,3079239,44722,624000,44723,34,44714,307200,44716,307200,44718,1248000,44720,1248000,44715,55,44717,54,44719,60,44722,22,
44323,1,44834,0,44838,2914124,44839,624000,44841,34,44815,556800,44826,652800,44831,652800,44834,652800,44818,40,44830,53,44833,54,44837,33,
44419,1,44920,0,44921,4924960,44921,624000,44921,34,44916,1401600,44917,960000,44918,2150400,44920,2150400,44917,75,44918,50,44919,50,44921,87,
44523,1,45033,0,45038,2725604,45039,624000,45040,34,45017,422400,45023,422400,45028,307200,45034,307200,45022,50,45027,36,45032,54,45038,9,
44634,1,45135,0,45141,2732569,45142,624000,45144,34,45118,422400,45124,422400,45130,307200,45136,307200,45122,45,45128,50,45134,33,45140,27,
44722,1,45235,0,45240,2700184,45242,624000,45243,37,45220,307200,45225,307200,45230,307200,45236,307200,45224,28,45229,37,45234,50,45240,40,
44838,1,45330,0,45334,2927436,45335,624000,45336,37,45320,307200,45321,307200,45325,403200,45331,403200,45321,40,45325,33,45329,44,45334,11,
44921,1,45428,0,45430,3259598,45431,624000,45432,37,45421,1113600,45423,1113600,45425,556800,45428,307200,45422,50,45425,25,45427,66,45430,36,
45038,1,45534,0,45536,3068486,45537,624000,45538,37,45522,307200,45528,960000,45531,307200,45534,307200,45527,37,45530,53,45533,50,45536,14,
45141,1,45640,0,45646,2918510,45647,624000,45648,37,45623,307200,45630,960000,45635,307200,45641,307200,45628,44,45634,0,45639,40,45645,54,
45241,1,,,,,,,,,,,,,,,,,,,,,,,,,
45334,1,,,,,,,,,,,,,,,,,,,,,,,,,
45430,1,,,,,,,,,,,,,,,,,,,,,,,,,
45536,1,,,,,,,,,,,,,,,,,,,,,,,,,
45646,1,,,,,,,,,,,,,,,,,,,,,,,,,
,,,,,,,,,,,,,,,,,,,,,,,,,,

System Statistics:
Sensor Id,Name,Type,Average
206,"Battery Status",Battery Status,1.0
331,"Screen Brightness",Brightness,0.0
332,"Battery Power*",Power [uW],2913956.558241758
400,"GPU Frequency",GPU Frequency [KHz],624000.0
401,"GPU Load",GPU Load [%],33.37362637362637
1000,"CPU1 Frequency",CPU Frequency [kHz],508525.71428571426
1001,"CPU2 Frequency",CPU Frequency [kHz],524265.4945054945
1002,"CPU3 Frequency",CPU Frequency [kHz],703606.1538461539
1003,"CPU4 Frequency",CPU Frequency [kHz],748673.4065934066
1096,"CPU1 Load",CPU Load [%],46.13846153846154
1097,"CPU2 Load",CPU Load [%],40.73186813186813
1098,"CPU3 Load",CPU Load [%],43.096703296703296
1099,"CPU4 Load",CPU Load [%],34.87472527472527


