App,Package,Start Time,Duration,Filename,,,,,,,,,,,,,,,,,,,,,
System,,"Sep 7, 2016 @ 02:27:12 AM",1 min 2 sec,Trepn_2016.09.07_022712.db,,,,,,,,,,,,,,,,,,,,,
,,,,,,,,,,,,,,,,,,,,,,,,,
Time  [ms],Battery Status,Time  [ms],Screen Brightness,Time  [ms],Battery Power* [uW],Time  [ms],GPU Frequency [KHz],Time  [ms],GPU Load [%],Time  [ms],CPU1 Frequency [kHz],Time  [ms],CPU2 Frequency [kHz],Time  [ms],CPU3 Frequency [kHz],Time  [ms],CPU4 Frequency [kHz],Time  [ms],CPU1 Load [%],Time  [ms],CPU2 Load [%],Time  [ms],CPU3 Load [%],Time  [ms],CPU4 Load [%]
5,1,4,1,5,683966,5,320000,5,0,0,1958400,2,1958400,3,0,4,0,2,19,3,40,4,0,5,0
22,1,106,1,108,1954383,108,320000,109,0,101,1958400,103,1958400,104,960000,107,960000,103,90,104,70,106,26,108,21
108,1,207,1,209,1419607,209,320000,210,0,202,1958400,204,1958400,206,960000,207,960000,204,45,205,60,207,33,208,60
209,1,307,1,309,2143103,309,320000,309,0,302,1958400,304,1958400,306,1958400,308,960000,304,70,305,50,307,55,309,54
309,1,408,1,409,1129991,410,320000,411,0,403,1958400,405,1958400,406,1958400,408,960000,404,30,406,30,407,30,409,40
409,1,507,1,508,1501868,508,320000,509,0,503,1958400,504,1267200,506,1958400,507,960000,504,36,505,30,506,75,508,40
508,1,607,1,608,992377,608,320000,609,0,603,1958400,605,1267200,606,1958400,607,960000,604,14,606,22,607,54,608,50
608,1,709,1,710,740805,711,320000,711,0,704,1958400,706,1267200,708,1036800,710,0,705,42,707,36,709,37,710,0
710,1,810,1,811,1187020,811,320000,812,0,804,1958400,806,1958400,809,960000,810,0,806,30,808,60,810,66,811,0
811,1,908,1,908,594372,909,320000,909,0,905,1958400,906,1958400,907,960000,908,0,906,14,907,27,908,54,908,0
908,1,1010,1,1011,754746,1012,320000,1012,0,1005,1958400,1006,1958400,1008,960000,1010,0,1006,20,1007,40,1009,27,1011,0
1011,1,1109,1,1110,945622,1110,320000,1111,0,1105,1958400,1106,1267200,1107,960000,1109,0,1106,55,1107,44,1108,54,1110,0
1110,1,1209,1,1209,1036118,1210,320000,1211,0,1206,1958400,1207,1267200,1208,0,1209,0,1207,66,1208,63,1208,0,1209,0
1209,1,1309,1,1309,1793505,1310,320000,1311,0,1306,1958400,1307,1958400,1308,0,1309,0,1307,100,1308,55,1309,0,1309,0
1310,1,1409,1,1410,1157832,1411,320000,1412,0,1406,1958400,1407,1958400,1409,0,1410,0,1407,37,1408,63,1409,0,1410,0
1411,1,1510,1,1511,1585466,1512,320000,1513,0,1507,1958400,1508,1958400,1509,0,1510,0,1508,60,1509,77,1510,0,1511,0
1511,1,1610,1,1612,1493005,1613,320000,1614,0,1607,1958400,1608,1958400,1609,0,1611,0,1608,60,1609,69,1610,0,1612,0
1612,1,1710,1,1711,1088486,1711,320000,1712,0,1707,1958400,1709,1958400,1710,0,1710,0,1708,44,1709,50,1710,0,1711,0
1711,1,1812,1,1813,337236,1813,320000,1813,0,1808,1958400,1810,1958400,1811,0,1812,0,1809,11,1811,18,1812,0,1813,0
1813,1,1914,1,1914,1504563,1915,320000,1915,0,1910,1958400,1911,1958400,1913,0,1914,0,1911,60,1913,70,1913,0,1914,0
1914,1,2014,1,2016,1911949,2016,200000,2016,0,2011,1958400,2012,1958400,2013,960000,2015,960000,2011,75,2013,80,2014,33,2016,21
2016,1,2116,1,2117,1606219,2117,320000,2118,0,2111,1958400,2112,1958400,2114,960000,2116,960000,2112,54,2113,81,2116,10,2117,10
2117,1,2217,1,2221,1448038,2221,320000,2222,0,2211,1958400,2213,1958400,2215,960000,2217,960000,2213,50,2215,66,2216,28,2220,20
2221,1,2317,1,2319,1041223,2320,320000,2320,0,2312,1958400,2314,1267200,2315,960000,2318,960000,2313,58,2315,50,2317,12,2319,58
2319,1,2417,1,2419,785025,2419,320000,2420,0,2412,1958400,2414,1267200,2416,960000,2418,960000,2414,37,2415,54,2417,45,2419,11
2419,1,2520,1,2523,389642,2523,320000,2524,0,2513,1267200,2515,1267200,2518,960000,2521,0,2514,40,2517,22,2520,55,2521,0
2523,1,2617,1,2618,1662050,2618,320000,2619,0,2613,1958400,2614,1267200,2616,1958400,2617,0,2614,50,2615,50,2617,75,2618,0
2618,1,2717,1,2718,591268,2718,320000,2719,0,2713,1958400,2715,1267200,2716,1728000,2718,0,2714,25,2716,25,2717,22,2718,0
2718,1,2818,1,2819,393215,2819,320000,2820,0,2814,1958400,2815,1267200,2817,960000,2818,0,2815,0,2816,72,2818,37,2819,0
2819,1,2918,1,2919,958339,2919,320000,2920,0,2914,1958400,2916,1190400,2917,0,2918,0,2915,58,2917,77,2918,0,2918,0
2919,1,3017,1,3018,1319640,3018,320000,3019,0,3015,1958400,3016,1958400,3017,0,3018,0,3016,42,3017,72,3017,0,3018,0
3018,1,3117,1,3118,1909082,3118,320000,3118,0,3115,1958400,3116,1958400,3117,0,3117,0,3116,77,3117,88,3117,0,3118,0
3118,1,3218,1,3218,1331197,3218,320000,3219,0,3215,1958400,3216,1958400,3217,0,3218,0,3216,40,3217,75,3218,0,3218,0
3218,1,3318,1,3319,1227191,3320,320000,3321,0,3315,1497600,3317,1958400,3318,0,3319,0,3316,62,3318,72,3318,0,3319,0
3319,1,3418,1,3419,1065370,3419,320000,3420,0,3416,1958400,3417,1958400,3418,0,3419,0,3417,50,3418,42,3418,0,3419,0
3419,1,3521,1,3522,1042255,3522,320000,3523,0,3517,1958400,3518,1958400,3520,0,3522,0,3518,30,3519,60,3521,0,3522,0
3522,1,3620,1,3620,1435216,3621,320000,3621,0,3617,1958400,3619,1958400,3619,0,3620,0,3618,80,3619,44,3620,0,3620,0
3620,1,3721,1,3721,1211158,3722,320000,3722,0,3718,1958400,3719,1497600,3720,0,3721,0,3719,75,3720,54,3720,0,3721,0
3721,1,3823,1,3824,1219921,3824,320000,3825,0,3818,1958400,3820,960000,3822,0,3823,0,3820,90,3822,81,3823,0,3824,0
3824,1,3922,1,3923,3099776,3924,320000,3924,0,3918,1958400,3920,1958400,3921,1958400,3922,960000,3919,90,3920,88,3922,83,3923,37
3923,1,4023,1,4024,1443651,4024,320000,4024,0,4019,1958400,4020,1958400,4021,1958400,4023,960000,4019,28,4020,46,4022,42,4024,46
4024,1,4125,1,4127,551360,4128,320000,4128,0,4119,1728000,4121,1497600,4123,960000,4125,960000,4120,30,4123,12,4125,66,4127,30
4127,1,4225,1,4226,416222,4226,320000,4227,0,4219,1728000,4221,960000,4223,960000,4225,0,4221,22,4223,81,4225,20,4226,0
4226,1,4325,1,4326,821081,4327,320000,4327,0,4320,1728000,4322,1958400,4324,960000,4326,0,4321,36,4323,36,4325,40,4326,0
4326,1,4428,1,4429,868043,4429,320000,4430,0,4420,960000,4422,1958400,4424,960000,4428,0,4421,60,4424,55,4427,45,4428,0
4429,1,4524,1,4525,1465684,4525,320000,4526,0,4520,1958400,4522,1728000,4523,960000,4525,0,4521,66,4523,60,4524,80,4525,0
4525,1,4626,1,4627,669013,4627,320000,4628,0,4621,1958400,4623,1190400,4625,960000,4627,0,4623,33,4624,45,4626,54,4627,0
4627,1,4727,1,4727,1716901,4728,320000,4728,0,4723,1958400,4725,1958400,4726,960000,4727,0,4724,45,4725,88,4726,81,4727,0
4727,1,4826,1,4827,1273409,4827,320000,4828,0,4823,1958400,4824,1958400,4826,1958400,4827,0,4824,40,4825,0,4826,70,4827,0
4827,1,4930,1,4931,941693,4932,320000,4934,0,4923,960000,4926,960000,4928,1958400,4930,0,4925,27,4927,22,4929,72,4931,0
4932,1,5030,1,5031,567460,5032,320000,5032,0,5024,960000,5026,960000,5028,1958400,5031,0,5026,14,5027,33,5029,40,5031,0
5031,1,5128,1,5129,1080192,5129,320000,5130,0,5124,1574400,5126,960000,5127,1958400,5129,0,5126,55,5127,50,5128,50,5129,0
5129,1,5230,1,5230,707549,5231,320000,5232,0,5225,1190400,5227,960000,5228,1958400,5230,0,5226,33,5228,55,5229,40,5230,0
5231,1,5331,1,5332,630217,5332,320000,5334,0,5325,1190400,5327,960000,5329,1497600,5331,0,5327,25,5329,36,5330,72,5331,0
5332,1,5430,1,5431,699634,5432,320000,5432,0,5426,1190400,5427,960000,5429,1497600,5431,0,5427,50,5429,60,5430,60,5431,0
5431,1,5536,1,5537,684341,5537,320000,5538,0,5526,960000,5528,960000,5531,1497600,5536,0,5528,33,5530,70,5535,72,5537,0
5537,1,5638,1,5639,1533329,5640,320000,5641,0,5627,960000,5631,1958400,5634,1958400,5639,0,5631,50,5633,63,5638,60,5639,0
5639,1,5732,1,5734,687392,5734,320000,5736,0,5727,960000,5728,1497600,5730,1190400,5732,0,5728,63,5730,50,5731,62,5734,0
5734,1,5830,1,5831,789419,5831,320000,5832,0,5827,1958400,5828,960000,5829,1958400,5830,0,5828,30,5829,27,5830,33,5831,0
5831,1,5931,1,5931,1184995,5932,320000,5932,0,5928,1958400,5929,960000,5930,1958400,5931,0,5929,44,5930,44,5931,50,5931,0
5932,1,6032,1,6032,811522,6033,320000,6035,0,6028,1958400,6029,960000,6030,1958400,6032,0,6029,22,6030,16,6031,45,6032,0
6032,1,6134,1,6134,667890,6135,320000,6136,0,6129,1728000,6130,960000,6132,960000,6134,0,6130,54,6131,58,6133,30,6134,0
6135,1,6234,1,6235,663574,6236,320000,6236,0,6229,1728000,6231,960000,6233,960000,6235,0,6230,50,6232,75,6234,27,6235,0
6235,1,6334,1,6335,644013,6336,320000,6336,0,6329,1728000,6331,960000,6333,960000,6335,0,6331,40,6332,58,6334,75,6335,0
6335,1,6436,1,6437,453881,6438,320000,6439,0,6430,1728000,6432,960000,6434,729600,6436,0,6431,33,6433,54,6436,42,6437,0
6437,1,6535,1,6535,1241226,6536,320000,6537,0,6530,1728000,6532,1958400,6533,960000,6535,0,6531,63,6533,50,6534,50,6535,0
6536,1,6634,1,6635,562907,6635,320000,6635,0,6630,1728000,6632,1958400,6633,960000,6634,0,6631,28,6633,22,6634,28,6634,0
6635,1,6740,1,6741,528400,6741,320000,6742,0,6731,960000,6733,1958400,6739,0,6740,0,6732,45,6735,37,6740,0,6741,0
6741,1,6833,1,6834,1735716,6835,320000,6835,0,6831,1958400,6832,1958400,6833,0,6834,0,6832,70,6833,80,6833,0,6834,0
6834,1,6942,1,6943,1160699,6943,320000,6944,0,6931,960000,6934,1958400,6941,0,6943,0,6934,54,6937,90,6942,0,6943,0
6943,1,7035,1,7036,1585466,7036,320000,7037,0,7032,1958400,7034,1958400,7035,0,7036,0,7033,77,7035,60,7035,0,7036,0
7036,1,7135,1,7135,1331197,7136,320000,7136,0,7132,1958400,7133,1958400,7134,0,7135,0,7133,55,7134,60,7135,0,7135,0
7135,1,7236,1,7236,707082,7236,320000,7237,0,7233,1958400,7234,1958400,7235,0,7236,0,7234,11,7235,50,7235,0,7236,0
7236,1,7336,1,7337,1816620,7337,320000,7337,0,7333,1958400,7335,1958400,7336,0,7336,0,7334,80,7335,77,7336,0,7337,0
7337,1,7437,1,7438,1640302,7438,320000,7439,0,7434,1958400,7435,1958400,7436,960000,7437,0,7435,60,7436,77,7437,25,7438,0
7438,1,7539,1,7540,957468,7540,320000,7541,0,7534,1958400,7536,1958400,7538,960000,7539,0,7536,33,7537,36,7539,72,7540,0
7540,1,7639,1,7640,966411,7641,320000,7641,0,7635,1958400,7636,1958400,7638,960000,7640,0,7636,61,7638,12,7639,55,7640,0
7640,1,7740,1,7741,836323,7741,320000,7743,0,7735,1958400,7737,1958400,7739,960000,7740,0,7736,27,7738,30,7740,80,7741,0
7741,1,7840,1,7841,1438422,7842,320000,7843,0,7836,1958400,7837,1958400,7839,960000,7841,0,7837,77,7839,45,7840,12,7841,0
7841,1,7943,1,7945,335344,7945,320000,7946,0,7936,1190400,7938,960000,7941,960000,7944,0,7938,36,7940,37,7943,54,7945,0
7945,1,8043,1,8043,373254,8044,320000,8046,0,8038,1036800,8040,1958400,8041,0,8043,0,8039,44,8041,22,8042,0,8043,0
8043,1,8142,1,8143,1074867,8143,320000,8144,0,8138,1958400,8139,1267200,8141,0,8142,0,8139,66,8141,72,8142,0,8143,0
8143,1,8248,1,8253,1573909,8254,320000,8255,0,8239,1958400,8241,1958400,8244,0,8253,0,8241,55,8243,81,8245,0,8253,0
8253,1,8343,1,8343,1550793,8344,320000,8344,0,8339,1958400,8341,1958400,8342,0,8343,0,8341,54,8342,80,8343,0,8343,0
8343,1,8447,1,8447,1620140,8454,320000,8454,0,8440,1958400,8443,1958400,8446,0,8447,0,8442,77,8445,63,8447,0,8447,0
8450,1,8545,1,8545,1631697,8546,320000,8547,0,8540,1958400,8542,1958400,8544,0,8545,0,8542,60,8544,81,8544,0,8545,0
8546,1,8645,1,8646,1504563,8647,320000,8647,0,8640,1958400,8642,1958400,8644,0,8646,0,8641,60,8644,70,8645,0,8646,0
8646,1,8747,1,8748,1002571,8748,320000,8749,0,8744,1190400,8745,1958400,8746,0,8747,0,8745,36,8746,75,8747,0,8748,0
8748,1,8849,1,8849,1966870,8850,320000,8851,0,8845,1958400,8846,1958400,8848,0,8849,0,8846,100,8848,70,8848,0,8849,0
8849,1,8949,1,8950,845774,8950,320000,8950,0,8945,1958400,8947,1958400,8949,0,8949,0,8946,33,8948,40,8949,0,8949,0
8950,1,9049,1,9049,1383036,9050,320000,9050,0,9046,1958400,9047,1497600,9048,0,9049,0,9047,80,9048,72,9049,0,9049,0
9049,1,9150,1,9150,908983,9151,320000,9151,0,9146,1958400,9148,1267200,9149,0,9150,0,9148,55,9149,63,9150,0,9150,0
9150,1,9251,1,9252,1075822,9252,320000,9253,0,9247,1958400,9249,1497600,9250,0,9251,0,9248,60,9250,60,9251,0,9251,0
9252,1,9350,1,9350,1539236,9350,320000,9351,0,9347,1958400,9348,1958400,9349,0,9350,0,9348,33,9349,100,9349,0,9350,0
9350,1,9451,1,9451,1198887,9452,320000,9452,0,9447,1574400,9449,1958400,9450,0,9451,0,9448,66,9450,63,9450,0,9451,0
9451,1,9554,1,9555,1689396,9556,320000,9556,0,9548,1190400,9551,1958400,9553,1728000,9555,0,9551,66,9552,71,9554,71,9555,0
9555,1,9655,1,9655,715887,9656,320000,9656,0,9648,960000,9650,1497600,9654,1728000,9655,0,9650,36,9653,38,9654,45,9655,0
9655,1,9752,1,9753,1410160,9754,320000,9754,0,9748,1958400,9750,960000,9751,1958400,9752,0,9749,60,9750,36,9752,55,9753,0
9753,1,9852,1,9853,1694546,9853,320000,9853,0,9849,1958400,9850,960000,9851,1958400,9852,0,9850,70,9851,55,9852,66,9852,0
9853,1,9952,1,9953,906851,9954,320000,9955,0,9949,1958400,9950,960000,9951,1958400,9953,0,9950,40,9951,70,9952,25,9953,0
9953,1,10053,1,10054,883343,10055,320000,10055,0,10049,1497600,10051,960000,10052,1574400,10054,0,10050,53,10052,22,10053,70,10054,0
10054,1,10156,1,10157,366881,10157,320000,10158,0,10150,1036800,10152,960000,10154,960000,10156,0,10152,63,10153,53,10155,37,10156,0
10157,1,10257,1,10258,372366,10259,320000,10261,0,10250,1036800,10253,960000,10255,960000,10257,0,10252,37,10254,54,10256,70,10258,0
10258,1,10363,1,10364,240113,10366,320000,10367,0,10351,729600,10353,960000,10355,960000,10363,0,10353,55,10355,45,10362,37,10364,0
10364,1,10456,1,10457,729305,10458,320000,10459,0,10451,1728000,10453,960000,10455,960000,10457,0,10453,54,10454,50,10456,66,10457,0
10457,1,10556,1,10556,797125,10556,320000,10557,0,10552,1497600,10553,960000,10555,1958400,10556,0,10553,33,10554,30,10555,45,10556,0
10556,1,10657,1,10657,892600,10658,320000,10658,0,10653,1497600,10654,1497600,10655,1574400,10657,0,10654,55,10655,25,10656,54,10657,0
10657,1,10757,1,10758,1069248,10758,320000,10759,0,10753,1497600,10755,1497600,10756,1574400,10757,0,10754,80,10755,57,10757,28,10758,0
10758,1,10861,1,10863,209117,10864,320000,10865,0,10854,960000,10856,883200,10859,960000,10862,0,10855,40,10858,50,10860,14,10862,0
10863,1,10959,1,10963,956118,10963,320000,10964,0,10954,1958400,10956,960000,10958,960000,10962,0,10955,63,10957,37,10959,66,10962,0
10963,1,11059,1,11060,913345,11061,320000,11061,0,11054,1958400,11056,960000,11058,960000,11060,0,11056,50,11057,75,11059,77,11060,0
11060,1,11158,1,11158,1041747,11159,320000,11159,0,11154,1958400,11156,960000,11157,1958400,11158,0,11155,28,11156,63,11158,50,11158,0
11158,1,11259,1,11260,654793,11261,320000,11261,0,11255,1728000,11257,960000,11258,1190400,11260,0,11256,44,11258,61,11259,36,11260,0
11260,1,11359,1,11359,397048,11360,320000,11360,0,11355,1958400,11356,960000,11358,1958400,11359,0,11356,30,11357,22,11358,0,11359,0
11359,1,11459,1,11460,1369919,11460,320000,11461,0,11456,1958400,11457,960000,11458,1958400,11459,0,11457,44,11458,44,11459,66,11460,0
11460,1,11559,1,11560,744622,11560,320000,11560,0,11556,1958400,11558,960000,11559,0,11559,0,11557,54,11558,54,11559,0,11559,0
11560,1,11662,1,11663,2074732,11663,320000,11663,0,11657,1728000,11658,1958400,11659,1958400,11662,0,11658,77,11659,88,11662,33,11663,0
11663,1,11769,1,11772,991720,11773,320000,11775,0,11757,960000,11759,1958400,11761,960000,11769,0,11759,44,11761,75,11768,12,11771,0
11772,1,11861,1,11863,1461368,11864,320000,11864,0,11858,960000,11859,1958400,11860,1958400,11862,0,11859,33,11860,90,11861,30,11862,0
11863,1,11965,1,11966,729772,11967,320000,11968,0,11959,960000,11961,1958400,11963,960000,11966,0,11960,75,11962,40,11965,46,11966,0
11967,1,12065,1,12066,777354,12067,320000,12068,0,12059,960000,12061,1958400,12063,960000,12066,0,12061,40,12062,50,12064,50,12066,0
12067,1,12164,1,12164,938236,12169,320000,12170,0,12159,1958400,12162,1958400,12163,0,12164,0,12162,37,12163,44,12163,0,12164,0
12164,1,12263,1,12263,1204063,12264,320000,12264,0,12260,1958400,12261,1958400,12262,0,12263,0,12261,54,12262,50,12263,0,12263,0
12263,1,12363,1,12364,1597024,12364,320000,12365,0,12360,1958400,12362,1958400,12363,0,12364,0,12362,62,12363,76,12363,0,12364,0
12364,1,12464,1,12465,1593864,12465,320000,12466,0,12461,1728000,12462,1958400,12464,0,12464,0,12462,63,12463,90,12464,0,12465,0
12465,1,12566,1,12567,916621,12569,320000,12572,0,12561,1497600,12563,1958400,12565,0,12567,0,12563,44,12564,55,12566,0,12567,0
12567,1,12666,1,12666,1015337,12667,320000,12668,0,12662,1190400,12663,1958400,12665,0,12666,0,12663,55,12664,70,12665,0,12666,0
12666,1,12773,1,12775,959240,12775,320000,12777,0,12763,960000,12764,1958400,12768,0,12773,0,12764,57,12766,72,12772,0,12775,0
12775,1,12865,1,12866,1585466,12866,320000,12867,0,12863,1958400,12864,1958400,12865,0,12866,0,12864,77,12865,60,12865,0,12866,0
12866,1,12966,1,12966,730197,12966,320000,12967,0,12963,1958400,12964,1958400,12965,0,12966,0,12964,36,12965,27,12965,0,12966,0
12966,1,13067,1,13068,829206,13068,320000,13069,0,13064,1958400,13065,1190400,13066,0,13067,0,13065,60,13066,36,13067,0,13068,0
13068,1,13168,1,13169,968943,13169,320000,13170,0,13164,1958400,13166,960000,13167,0,13168,0,13165,81,13167,14,13168,0,13169,0
13169,1,13268,1,13269,873190,13270,320000,13270,0,13265,1958400,13266,960000,13268,0,13269,0,13266,60,13267,81,13268,0,13269,0
13269,1,13367,1,13368,1909082,13368,320000,13369,0,13365,1958400,13366,1958400,13367,0,13368,0,13366,90,13367,75,13367,0,13368,0
13368,1,13468,1,13468,1504563,13469,320000,13469,0,13465,1958400,13466,1958400,13467,0,13468,0,13466,70,13467,60,13468,0,13468,0
13468,1,13568,1,13569,1331197,13569,320000,13569,0,13566,1958400,13567,1958400,13568,0,13568,0,13566,25,13568,90,13568,0,13569,0
13569,1,13669,1,13669,1159708,13669,320000,13670,0,13666,1497600,13667,1958400,13668,0,13669,0,13667,55,13668,70,13668,0,13669,0
13669,1,13769,1,13769,556832,13770,320000,13770,0,13767,1958400,13768,1958400,13769,0,13769,0,13767,36,13768,12,13769,0,13769,0
13770,1,13870,1,13870,1539236,13870,320000,13871,0,13867,1958400,13868,1958400,13869,0,13870,0,13868,63,13869,70,13869,0,13870,0
13870,1,13971,1,13971,882632,13972,320000,13972,0,13967,1574400,13969,1574400,13970,0,13971,0,13968,54,13970,70,13970,0,13971,0
13971,1,14071,1,14072,749941,14072,320000,14073,0,14068,1267200,14069,1574400,14071,0,14071,0,14069,50,14070,75,14071,0,14072,0
14072,1,14172,1,14172,1230599,14173,320000,14173,0,14168,1574400,14170,1574400,14171,0,14172,0,14170,83,14171,90,14171,0,14172,0
14172,1,14272,1,14273,1045963,14274,320000,14274,0,14269,1574400,14270,1574400,14271,0,14273,0,14270,77,14271,70,14272,0,14273,0
14273,1,14373,1,14374,889733,14374,320000,14375,0,14369,1574400,14370,1574400,14372,0,14373,0,14370,44,14371,81,14372,0,14373,0
14374,1,14473,1,14474,887087,14474,320000,14475,0,14469,1574400,14471,1497600,14472,0,14473,0,14470,80,14471,50,14472,0,14474,0
14474,1,14575,1,14576,455834,14577,320000,14578,0,14570,1574400,14572,960000,14574,0,14576,0,14571,50,14573,45,14575,0,14576,0
14577,1,14676,1,14676,652696,14677,320000,14677,0,14670,1574400,14672,960000,14675,0,14676,0,14672,70,14673,70,14675,0,14676,0
14676,1,14726,1,14726,622401,14727,320000,14728,0,14720,1574400,14722,960000,14723,0,14726,0,14721,75,14723,40,14725,0,14726,0
14727,1,14826,1,14828,613954,14829,320000,14829,0,14821,1574400,14823,960000,14824,0,14827,0,14822,63,14824,75,14825,0,14827,0
14828,1,14927,1,14928,723492,14929,320000,14931,0,14921,1574400,14923,960000,14925,0,14927,0,14923,88,14925,44,14926,0,14928,0
14928,1,15027,1,15028,657083,15028,320000,15029,0,15022,1574400,15024,960000,15025,960000,15027,0,15023,70,15025,72,15026,0,15028,0
15028,1,15126,1,15127,831708,15127,320000,15128,0,15122,1574400,15123,960000,15125,960000,15126,0,15123,81,15124,66,15126,50,15127,0
15127,1,15227,1,15228,893925,15228,320000,15229,0,15222,1574400,15224,1574400,15225,960000,15227,0,15223,62,15225,50,15227,44,15228,0
15228,1,15327,1,15327,518618,15328,320000,15328,0,15323,1574400,15324,960000,15325,960000,15327,0,15324,40,15325,40,15326,66,15327,0
15327,1,15429,1,15430,353723,15430,320000,15431,0,15423,1574400,15424,960000,15427,960000,15429,0,15424,14,15427,55,15428,60,15429,0
15430,1,15530,1,15532,341691,15533,320000,15534,0,15524,1574400,15526,960000,15528,960000,15531,0,15525,33,15527,12,15530,36,15531,0
15532,1,15628,1,15628,559142,15629,320000,15629,0,15624,1574400,15625,960000,15627,960000,15628,0,15625,42,15626,55,15627,63,15628,0
15628,1,15730,1,15731,505458,15732,320000,15732,0,15724,1574400,15727,960000,15729,960000,15731,0,15726,40,15728,30,15730,70,15731,0
15731,1,15830,1,15831,484262,15831,320000,15832,0,15825,1574400,15827,960000,15828,960000,15830,0,15826,33,15828,50,15829,63,15830,0
15831,1,15932,1,15933,677259,15933,320000,15934,0,15925,1574400,15927,960000,15928,960000,15932,0,15926,54,15928,63,15931,70,15932,0
15933,1,16031,1,16032,499290,16032,320000,16033,0,16026,1574400,16028,960000,16029,960000,16031,0,16027,45,16029,37,16031,44,16032,0
16032,1,16132,1,16133,550064,16133,320000,16134,0,16126,1574400,16128,960000,16130,960000,16132,0,16128,33,16129,55,16132,88,16133,0
16133,1,16232,1,16235,928390,16236,320000,16237,0,16227,1574400,16229,960000,16230,1574400,16234,0,16228,70,16230,50,16232,45,16235,0
16235,1,16332,1,16333,848190,16334,320000,16334,0,16327,1574400,16329,960000,16331,1574400,16332,0,16329,50,16330,62,16332,50,16333,0
16333,1,16433,1,16434,237255,16434,320000,16435,0,16427,1574400,16429,960000,16431,1574400,16433,0,16429,12,16430,36,16432,10,16433,0
16434,1,16533,1,16535,671253,16535,320000,16536,0,16528,1497600,16530,960000,16531,1574400,16534,0,16529,40,16531,60,16532,40,16534,0
16535,1,16632,1,16633,457833,16633,320000,16634,0,16628,960000,16629,960000,16631,1574400,16632,0,16629,25,16630,63,16632,37,16633,0
16633,1,16735,1,16736,423909,16736,320000,16737,0,16729,960000,16731,960000,16733,1036800,16735,0,16730,50,16732,66,16734,63,16736,0
16736,1,16838,1,16838,336934,16839,320000,16841,0,16829,960000,16832,960000,16834,1036800,16838,0,16831,37,16833,66,16836,41,16838,0
16839,1,16935,1,16936,679452,16936,320000,16937,0,16930,1574400,16932,960000,16933,960000,16935,0,16931,54,16933,72,16934,62,16936,0
16936,1,17035,1,17036,506196,17037,320000,17038,0,17030,1574400,17032,960000,17034,960000,17036,0,17032,33,17033,57,17035,66,17036,0
17036,1,17137,1,17138,460734,17139,320000,17139,0,17131,1190400,17133,960000,17135,960000,17137,0,17132,55,17134,50,17136,66,17138,0
17138,1,17235,1,17236,899582,17236,320000,17237,0,17231,1190400,17233,960000,17234,1574400,17235,0,17232,70,17233,77,17235,66,17236,0
17236,1,17337,1,17338,463783,17339,320000,17339,0,17332,960000,17333,960000,17335,1574400,17337,0,17333,69,17335,12,17337,40,17338,0
17338,1,17436,1,17437,521831,17437,320000,17438,0,17432,1574400,17433,960000,17435,1574400,17436,0,17433,33,17434,33,17436,30,17436,0
17437,1,17545,1,17546,996254,17547,320000,17548,0,17532,1574400,17534,1574400,17543,1574400,17546,0,17533,40,17543,50,17544,50,17546,0
17546,1,17637,1,17637,1372626,17638,320000,17638,0,17633,1574400,17634,1574400,17635,1574400,17637,0,17634,63,17635,55,17636,75,17637,0
17637,1,17737,1,17738,817362,17738,320000,17739,0,17734,1574400,17735,1190400,17736,1497600,17737,0,17735,44,17736,33,17737,60,17738,0
17738,1,17839,1,17839,753845,17840,320000,17840,0,17835,1574400,17836,1190400,17837,1497600,17839,0,17836,33,17837,54,17838,50,17839,0
17839,1,17938,1,17939,521037,17939,320000,17940,0,17935,1574400,17937,1190400,17938,0,17939,0,17936,37,17937,69,17938,0,17939,0
17939,1,18040,1,18040,841708,18041,320000,18041,0,18037,1574400,18038,1190400,18039,0,18040,0,18038,90,18039,54,18040,0,18040,0
18040,1,18140,1,18141,1244801,18143,320000,18144,0,18137,1574400,18138,1574400,18140,0,18141,0,18138,75,18139,100,18140,0,18141,0
18141,1,18241,1,18244,442347,18245,320000,18246,0,18237,1574400,18239,1574400,18240,0,18242,0,18238,40,18240,22,18240,0,18244,0
18244,1,18341,1,18341,728929,18342,320000,18344,0,18338,1574400,18339,1190400,18340,0,18341,0,18339,60,18340,81,18341,0,18341,0
18341,1,18441,1,18445,882632,18448,320000,18450,0,18438,1574400,18440,1574400,18441,0,18442,0,18439,54,18441,70,18441,0,18445,0
18445,1,18544,1,18545,1081470,18546,320000,18548,0,18539,1574400,18540,1574400,18542,0,18544,0,18540,72,18541,80,18543,0,18545,0
18545,1,18643,1,18644,1017558,18644,320000,18645,0,18639,1574400,18640,1574400,18641,0,18644,0,18640,77,18641,66,18642,0,18644,0
18644,1,18743,1,18744,868429,18744,320000,18745,0,18739,1574400,18741,1574400,18742,0,18744,0,18740,45,18741,77,18743,0,18744,0
18744,1,18843,1,18844,1003355,18844,320000,18845,0,18840,1574400,18841,1574400,18843,0,18844,0,18841,70,18842,71,18843,0,18844,0
18844,1,18943,1,18943,623031,18944,320000,18944,0,18940,960000,18941,1574400,18942,0,18943,0,18941,50,18942,72,18943,0,18943,0
18943,1,19044,1,19045,1067267,19045,320000,19046,0,19040,1574400,19042,1574400,19044,0,19045,0,19041,75,19044,75,19044,0,19045,0
19045,1,19144,1,19145,428144,19145,320000,19146,0,19140,1574400,19142,1574400,19143,0,19144,0,19142,30,19143,30,19144,0,19145,0
19145,1,19246,1,19246,720851,19247,320000,19248,0,19241,1574400,19243,1190400,19245,0,19246,0,19242,62,19244,75,19245,0,19246,0
19246,1,19345,1,19347,444649,19349,320000,19351,0,19341,1574400,19343,960000,19344,0,19347,0,19343,58,19344,14,19344,0,19347,0
19348,1,19446,1,19447,1031566,19447,320000,19448,0,19442,1574400,19443,1574400,19445,960000,19446,0,19443,60,19444,72,19446,42,19447,0
19447,1,19547,1,19548,660514,19548,320000,19549,0,19542,1574400,19543,1574400,19545,960000,19547,0,19543,30,19544,55,19546,25,19548,0
19548,1,19648,1,19649,432598,19650,320000,19651,0,19643,1036800,19645,1267200,19647,960000,19649,0,19645,25,19646,54,19648,60,19649,0
19649,1,19749,1,19750,321771,19751,320000,19754,0,19743,1036800,19745,652800,19747,960000,19750,0,19745,50,19747,55,19749,66,19750,0
19750,1,19853,1,19855,295979,19856,320000,19857,0,19844,960000,19847,960000,19850,960000,19854,0,19846,40,19850,54,19852,40,19854,0
19855,1,19948,1,19949,626919,19949,320000,19950,0,19944,1574400,19946,960000,19947,960000,19948,0,19945,50,19946,60,19948,63,19949,0
19949,1,20048,1,20049,868475,20049,320000,20050,0,20044,1574400,20046,960000,20047,960000,20049,0,20046,80,20047,70,20048,66,20049,0
20049,1,20149,1,20149,473164,20150,320000,20150,0,20145,1574400,20146,960000,20147,1574400,20149,0,20146,22,20147,27,20148,36,20149,0
20149,1,20249,1,20250,844433,20250,320000,20251,0,20245,1574400,20247,960000,20248,1574400,20249,0,20246,25,20248,70,20249,72,20250,0
20250,1,20350,1,20350,736023,20351,320000,20351,0,20346,1574400,20347,960000,20348,1574400,20350,0,20347,25,20348,40,20349,66,20350,0
20350,1,20452,1,20453,644860,20454,320000,20454,0,20446,960000,20448,960000,20450,1497600,20452,0,20448,30,20449,55,20452,72,20453,0
20453,1,20553,1,20554,523190,20555,320000,20557,0,20547,960000,20548,960000,20551,1497600,20553,0,20548,72,20550,50,20552,40,20554,0
20554,1,20652,1,20653,547608,20654,320000,20655,0,20647,960000,20649,960000,20650,1497600,20652,0,20648,44,20650,14,20652,66,20653,0
20653,1,20752,1,20754,188502,20757,320000,20758,0,20747,960000,20749,960000,20751,0,20753,0,20749,45,20751,40,20752,0,20753,0
20755,1,20852,1,20853,326686,20854,320000,20855,0,20848,960000,20850,960000,20851,0,20853,0,20849,77,20851,71,20852,0,20853,0
20853,1,20964,1,20964,291592,20965,320000,20966,0,20950,960000,20956,960000,20963,0,20964,0,20952,70,20962,62,20963,0,20964,0
20965,1,21054,1,21054,996254,21055,320000,21055,0,21050,1574400,21052,1574400,21053,0,21054,0,21051,60,21053,80,21053,0,21054,0
21054,1,21157,1,21158,420957,21159,320000,21160,0,21151,1574400,21153,960000,21155,0,21158,0,21152,42,21155,55,21156,0,21158,0
21159,1,21256,1,21259,630762,21260,320000,21261,0,21251,1574400,21253,960000,21255,0,21258,0,21253,70,21255,60,21256,0,21259,0
21259,1,21358,1,21359,1045963,21359,320000,21360,0,21351,1574400,21355,1574400,21356,0,21358,0,21354,60,21356,87,21357,0,21359,0
21359,1,21457,1,21458,918139,21459,320000,21459,0,21452,1574400,21454,1574400,21456,0,21458,0,21454,63,21456,66,21457,0,21458,0
21458,1,21560,1,21561,847125,21563,320000,21565,0,21552,1574400,21556,1574400,21559,0,21561,0,21555,44,21559,75,21559,0,21561,0
21561,1,21658,1,21659,893130,21659,320000,21660,0,21654,1497600,21655,1574400,21656,0,21659,0,21655,70,21656,63,21657,0,21659,0
21659,1,21759,1,21760,1045963,21760,320000,21761,0,21754,1574400,21755,1574400,21757,0,21759,0,21755,75,21756,72,21759,0,21760,0
21760,1,21858,1,21859,662662,21859,320000,21860,0,21854,1497600,21856,1574400,21857,0,21858,0,21855,37,21857,60,21857,0,21859,0
21859,1,21961,1,21962,953645,21963,320000,21964,0,21955,1574400,21956,1574400,21957,0,21962,0,21956,62,21957,72,21961,0,21962,0
21962,1,22060,1,22061,1173726,22061,320000,22062,0,22056,1574400,22057,1574400,22059,1497600,22061,0,22057,60,22058,80,22060,28,22061,0
22061,1,22160,1,22161,939443,22161,320000,22162,0,22156,1574400,22157,1574400,22159,1497600,22161,0,22157,66,22159,66,22160,0,22161,0
22161,1,22262,1,22264,608601,22264,320000,22265,0,22257,1574400,22258,1036800,22260,960000,22263,0,22258,55,22259,40,22261,50,22263,0
22264,1,22362,1,22363,630632,22363,320000,22365,0,22357,1574400,22359,1036800,22360,960000,22362,0,22358,53,22360,33,22361,75,22363,0
22363,1,22463,1,22464,661828,22465,320000,22466,0,22457,1574400,22459,1036800,22461,960000,22464,0,22459,66,22460,62,22463,12,22464,0
22464,1,22566,1,22567,408341,22567,320000,22568,0,22558,1574400,22560,960000,22563,960000,22566,0,22559,22,22561,54,22565,60,22566,0
22567,1,22665,1,22666,373558,22667,320000,22668,0,22658,1267200,22660,960000,22662,960000,22665,0,22660,44,22662,33,22664,50,22665,0
22666,1,22766,1,22767,253410,22767,320000,22768,0,22758,1267200,22760,960000,22763,960000,22766,0,22760,11,22762,60,22765,33,22767,0
22767,1,22862,1,22865,1017558,22866,320000,22867,0,22859,1574400,22860,1574400,22862,0,22863,0,22860,77,22861,66,22862,0,22865,0
22866,1,22964,1,22965,885781,22965,320000,22967,0,22959,1574400,22961,1574400,22962,960000,22964,0,22960,55,22962,54,22963,50,22965,0
22965,1,23064,1,23065,893513,23065,320000,23066,0,23059,1574400,23061,1574400,23063,960000,23065,0,23061,44,23063,63,23064,60,23065,0
23065,1,23164,1,23165,629720,23165,320000,23166,0,23160,1574400,23161,1574400,23163,960000,23164,0,23161,40,23162,28,23164,66,23165,0
23165,1,23266,1,23267,408437,23268,320000,23268,0,23260,1267200,23263,1036800,23265,960000,23267,0,23262,44,23264,61,23266,25,23267,0
23267,1,23367,1,23368,320106,23369,320000,23370,0,23361,960000,23364,960000,23366,960000,23368,0,23363,63,23365,37,23367,45,23368,0
23369,1,23466,1,23466,549738,23467,320000,23467,0,23462,960000,23463,960000,23465,1574400,23466,0,23463,62,23464,42,23465,45,23466,0
23466,1,23566,1,23567,636518,23567,320000,23568,0,23562,960000,23564,960000,23565,1574400,23566,0,23563,40,23565,55,23566,60,23567,0
23567,1,23668,1,23669,717502,23669,320000,23670,0,23663,1574400,23665,960000,23667,1497600,23668,0,23664,45,23666,36,23668,50,23668,0
23669,1,23767,1,23768,583246,23768,320000,23769,0,23763,1574400,23765,960000,23766,1574400,23767,0,23764,33,23766,61,23767,30,23768,0
23768,1,23868,1,23871,1260823,23871,320000,23872,0,23864,1574400,23865,1574400,23867,1190400,23868,0,23865,77,23866,83,23868,33,23870,0
23871,1,23969,1,23970,842761,23971,320000,23972,0,23964,1574400,23966,1574400,23968,960000,23970,0,23966,40,23967,58,23969,66,23970,0
23970,1,24071,1,24072,314491,24076,320000,24080,0,24065,1036800,24067,1036800,24069,960000,24072,0,24067,61,24069,12,24071,54,24072,0
24073,1,24173,1,24175,1274584,24175,320000,24176,0,24165,1574400,24167,1036800,24168,1574400,24174,0,24166,72,24168,70,24173,81,24175,0
24175,1,24271,1,24272,676751,24272,320000,24273,0,24266,1267200,24268,960000,24269,1497600,24271,0,24267,63,24269,25,24270,55,24272,0
24272,1,24371,1,24372,437788,24373,320000,24374,0,24366,1574400,24368,960000,24370,960000,24372,0,24368,28,24369,50,24371,58,24372,0
24372,1,24472,1,24473,355085,24474,320000,24475,0,24467,1190400,24469,960000,24470,960000,24473,0,24468,36,24470,60,24472,40,24473,0
24473,1,24573,1,24574,188502,24574,320000,24575,0,24567,960000,24569,960000,24571,960000,24573,0,24569,33,24571,22,24572,30,24574,0
24574,1,24673,1,24674,597037,24674,320000,24675,0,24668,1574400,24670,960000,24671,960000,24673,0,24669,60,24671,44,24672,33,24674,0
24674,1,24773,1,24774,609785,24778,320000,24779,0,24768,1574400,24770,960000,24771,960000,24773,0,24769,55,24771,55,24773,44,24774,0
24774,1,24873,1,24874,750282,24875,320000,24875,0,24868,1574400,24870,960000,24872,1267200,24874,0,24870,37,24871,80,24873,72,24874,0
24874,1,24974,1,24976,718179,24976,320000,24977,0,24969,1574400,24971,960000,24972,1267200,24974,0,24970,63,24972,44,24974,40,24975,0
24976,1,25076,1,25081,271235,25083,320000,25084,0,25069,1190400,25072,960000,25073,960000,25080,0,25071,40,25073,55,25075,0,25081,0
25082,1,25176,1,25177,498021,25177,320000,25178,0,25170,1190400,25172,960000,25174,960000,25176,0,25171,55,25173,70,25175,63,25176,0
25177,1,25277,1,25278,322300,25279,320000,25279,0,25270,960000,25273,960000,25275,960000,25277,0,25272,25,25274,66,25277,55,25278,0
25278,1,25375,1,25375,546176,25376,320000,25376,0,25370,1574400,25372,960000,25374,0,25375,0,25371,55,25373,70,25374,0,25375,0
25375,1,25475,1,25476,422933,25476,320000,25477,0,25471,1574400,25473,960000,25474,0,25476,0,25472,50,25474,30,25475,0,25476,0
25476,1,25576,1,25577,932341,25577,320000,25578,0,25571,1574400,25573,1574400,25575,0,25577,0,25572,81,25575,50,25576,0,25577,0
25577,1,25676,1,25676,854226,25677,320000,25677,0,25671,1574400,25674,1574400,25675,0,25676,0,25673,50,25675,70,25676,0,25676,0
25676,1,25776,1,25777,1422335,25777,320000,25777,0,25772,1574400,25774,1574400,25775,0,25776,0,25773,100,25775,100,25776,0,25776,0
25777,1,25876,1,25876,825821,25877,320000,25878,0,25872,1574400,25873,1574400,25875,0,25876,0,25873,72,25875,44,25876,0,25876,0
25877,1,25978,1,25979,705098,25979,320000,25980,0,25973,1574400,25976,1574400,25978,0,25978,0,25975,66,25977,33,25978,0,25979,0
25979,1,26080,1,26081,958802,26081,320000,26082,0,26073,1574400,26075,1497600,26079,0,26080,0,26075,66,26078,77,26079,0,26081,0
26081,1,26178,1,26179,363516,26180,320000,26181,0,26174,1574400,26176,960000,26178,0,26179,0,26175,37,26177,45,26178,0,26179,0
26180,1,26279,1,26280,564135,26281,320000,26281,0,26275,1574400,26276,960000,26279,0,26280,0,26276,60,26278,62,26279,0,26280,0
26280,1,26380,1,26381,385450,26381,320000,26382,0,26375,1574400,26377,960000,26379,0,26380,0,26376,37,26379,55,26380,0,26381,0
26381,1,26480,1,26481,501895,26481,320000,26482,0,26476,1574400,26477,960000,26479,0,26480,0,26477,50,26479,66,26479,0,26480,0
26481,1,26579,1,26580,1109875,26580,320000,26581,0,26576,1574400,26577,1574400,26579,0,26579,0,26577,66,26578,90,26579,0,26580,0
26580,1,26681,1,26682,826855,26683,320000,26684,0,26676,1574400,26678,1190400,26679,0,26681,0,26677,90,26679,50,26680,0,26682,0
26682,1,26783,1,26784,1010456,26784,320000,26784,0,26776,1574400,26778,1574400,26781,0,26783,0,26777,62,26779,80,26783,0,26783,0
26784,1,26880,1,26881,893130,26881,320000,26881,0,26877,1574400,26878,1497600,26879,0,26880,0,26878,63,26879,70,26880,0,26880,0
26881,1,26982,1,26983,769010,26983,320000,26984,0,26977,1574400,26979,1574400,26981,0,26982,0,26979,42,26980,66,26981,0,26983,0
26983,1,27082,1,27084,960747,27084,320000,27085,0,27079,1574400,27081,1574400,27082,0,27083,0,27080,54,27081,81,27082,0,27084,0
27084,1,27183,1,27184,534665,27184,320000,27185,0,27180,1574400,27181,1574400,27183,0,27183,0,27181,30,27182,45,27183,0,27184,0
27184,1,27284,1,27285,646583,27285,320000,27286,0,27281,1574400,27282,1190400,27283,0,27284,0,27282,62,27283,55,27284,0,27285,0
27285,1,27390,1,27390,537402,27391,320000,27391,0,27381,1574400,27382,960000,27389,0,27390,0,27382,55,27389,66,27389,0,27390,0
27390,1,27490,1,27490,675976,27491,320000,27492,0,27481,1574400,27483,960000,27487,0,27490,0,27482,81,27486,45,27487,0,27490,0
27490,1,27587,1,27588,654890,27588,320000,27589,0,27583,1574400,27585,960000,27586,0,27587,0,27584,70,27586,71,27586,0,27587,0
27588,1,27689,1,27690,801934,27690,320000,27691,0,27685,1574400,27686,960000,27688,0,27689,0,27686,87,27688,83,27688,0,27689,0
27690,1,27788,1,27789,882632,27790,320000,27791,0,27785,1574400,27786,1574400,27787,0,27788,0,27786,44,27787,80,27788,0,27789,0
27789,1,27890,1,27891,778043,27892,320000,27893,0,27887,1497600,27888,1574400,27889,0,27890,0,27888,44,27889,70,27889,0,27890,0
27891,1,27990,1,27990,712199,27991,320000,27991,0,27987,1574400,27988,1574400,27989,0,27990,0,27988,40,27989,60,27990,0,27990,0
27990,1,28090,1,28091,903936,28091,320000,28092,0,28087,1574400,28089,1574400,28090,0,28090,0,28088,72,28090,55,28090,0,28091,0
28091,1,28193,1,28194,683794,28194,320000,28195,0,28188,1574400,28191,1574400,28193,0,28193,0,28191,63,28192,33,28193,0,28194,0
28194,1,28292,1,28293,1003355,28295,320000,28296,0,28289,1574400,28290,1574400,28292,0,28292,0,28290,60,28291,81,28292,0,28293,0
28293,1,28394,1,28395,939443,28395,320000,28395,0,28391,1574400,28392,1574400,28393,0,28394,0,28392,66,28393,66,28394,0,28394,0
28395,1,28493,1,28493,889733,28493,320000,28494,0,28489,1574400,28491,1574400,28492,0,28493,0,28490,75,28492,50,28492,0,28493,0
28493,1,28593,1,28594,1351322,28595,320000,28597,0,28590,1574400,28591,1574400,28593,0,28594,0,28591,90,28592,100,28593,0,28594,0
28594,1,28694,1,28695,974949,28695,320000,28696,0,28690,1574400,28692,1574400,28693,0,28694,0,28691,80,28692,57,28693,0,28694,0
28695,1,28794,1,28795,705098,28795,320000,28795,0,28790,1574400,28792,1574400,28793,0,28794,0,28792,55,28793,44,28794,0,28794,0
28795,1,28895,1,28896,634142,28896,320000,28897,0,28891,1574400,28893,1190400,28894,0,28895,0,28892,66,28894,44,28895,0,28895,0
28896,1,28996,1,28998,679842,28999,320000,29000,0,28991,1574400,28994,960000,28995,0,28997,0,28993,80,28995,50,28996,0,28997,0
28998,1,29095,1,29095,1003355,29096,320000,29097,0,29092,1574400,29093,1574400,29094,0,29095,0,29093,60,29094,81,29094,0,29095,0
29095,1,29201,1,29204,854226,29205,320000,29206,0,29192,1574400,29199,1574400,29200,0,29203,0,29198,70,29200,50,29201,0,29203,0
29204,1,29300,1,29301,825821,29301,320000,29302,0,29292,1574400,29299,1574400,29300,0,29301,0,29298,50,29300,66,29300,0,29301,0
29301,1,29401,1,29401,925240,29402,320000,29402,0,29393,1574400,29399,1574400,29400,0,29401,0,29399,75,29400,55,29400,0,29401,0
29401,1,29501,1,29501,1145382,29503,320000,29504,0,29493,1574400,29499,1574400,29500,0,29501,0,29498,80,29500,81,29501,0,29501,0
29501,1,29598,1,29599,927239,29599,320000,29600,0,29593,1574400,29595,1574400,29597,960000,29599,0,29595,63,29597,54,29598,43,29599,0
29599,1,29703,1,29703,635344,29704,320000,29704,0,29694,1574400,29695,960000,29701,1574400,29703,0,29695,33,29701,20,29702,50,29703,0
29703,1,29805,1,29806,767034,29807,320000,29808,0,29794,1574400,29796,960000,29802,1574400,29805,0,29795,50,29797,25,29804,50,29806,0
29806,1,29901,1,29902,958771,29902,320000,29903,0,29895,1574400,29897,960000,29899,1574400,29901,0,29896,50,29898,25,29900,77,29901,0
29902,1,30000,1,30001,838048,30002,320000,30003,0,29995,1574400,29997,960000,29999,1574400,30001,0,29996,50,29998,25,30000,60,30001,0
30001,1,30102,1,30104,382945,30106,320000,30108,0,30096,1190400,30098,960000,30100,960000,30103,0,30098,50,30100,64,30101,25,30103,0
30104,1,30203,1,30204,638081,30204,320000,30206,0,30196,1574400,30199,960000,30201,960000,30203,0,30199,63,30201,50,30203,36,30204,0
30204,1,30309,1,30311,665966,30311,320000,30312,0,30298,1574400,30300,960000,30307,960000,30310,0,30299,66,30303,44,30309,45,30310,0
30311,1,30402,1,30403,1358423,30403,320000,30404,0,30398,1574400,30400,1574400,30401,1574400,30402,0,30399,66,30400,80,30402,45,30403,0
30403,1,30504,1,30505,635974,30506,320000,30507,0,30499,1574400,30500,960000,30502,1574400,30505,0,30500,50,30502,30,30504,30,30505,0
30506,1,30605,1,30606,731115,30607,320000,30607,0,30599,1574400,30602,960000,30603,1574400,30606,0,30601,30,30603,41,30605,60,30606,0
30606,1,30706,1,30707,493339,30708,320000,30708,0,30700,1574400,30702,960000,30704,960000,30706,0,30701,42,30704,33,30706,55,30707,0
30707,1,30810,1,30810,520811,30811,320000,30812,0,30800,1574400,30802,960000,30808,960000,30810,0,30802,40,30807,44,30809,63,30810,0
30810,1,30912,1,30913,970921,30913,320000,30914,0,30901,1190400,30903,1574400,30905,960000,30912,0,30903,72,30904,75,30906,77,30912,0
30913,1,31012,1,31014,904176,31014,320000,31015,0,31002,1574400,31004,1574400,31005,960000,31013,960000,31003,58,31005,40,31012,41,31014,53
31014,1,31107,1,31109,647485,31109,320000,31110,0,31102,1574400,31104,960000,31105,960000,31107,960000,31103,60,31105,54,31107,30,31109,16
31109,1,31206,1,31207,483415,31208,320000,31208,0,31202,1574400,31204,960000,31205,960000,31207,0,31203,44,31205,33,31206,44,31207,0
31207,1,31308,1,31308,892992,31309,320000,31309,0,31303,1574400,31304,1574400,31306,960000,31308,0,31304,16,31306,90,31307,63,31308,0
31308,1,31407,1,31409,450817,31410,320000,31411,0,31403,1574400,31404,1574400,31406,960000,31408,0,31404,33,31405,20,31407,33,31408,0
31409,1,31508,1,31508,620230,31509,320000,31509,0,31504,1574400,31505,960000,31506,960000,31508,0,31505,54,31506,27,31508,80,31508,0
31509,1,31609,1,31610,627744,31611,320000,31611,0,31604,1574400,31606,960000,31607,960000,31610,0,31605,60,31607,36,31609,55,31610,0
31610,1,31660,1,31661,300077,31661,320000,31662,0,31655,1190400,31657,960000,31658,960000,31660,0,31656,33,31658,20,31660,60,31661,0
31661,1,31759,1,31760,562898,31760,320000,31761,0,31755,1574400,31757,960000,31758,960000,31759,0,31756,45,31757,60,31759,50,31759,0
31760,1,31859,1,31859,628786,31860,320000,31860,0,31855,1574400,31857,960000,31858,960000,31859,0,31856,62,31857,60,31858,25,31859,0
31859,1,31959,1,31960,462328,31960,320000,31961,0,31956,1574400,31957,960000,31958,960000,31960,0,31957,33,31958,63,31959,40,31960,0
31960,1,32062,1,32063,314930,32064,320000,32066,0,32056,1190400,32058,960000,32060,960000,32062,0,32058,37,32059,50,32061,30,32063,0
32063,1,32159,1,32160,1038862,32160,320000,32161,0,32156,1574400,32158,1574400,32159,0,32160,0,32157,66,32159,80,32159,0,32160,0
32160,1,32260,1,32261,886090,32261,320000,32262,0,32257,1497600,32258,1574400,32260,0,32260,0,32258,42,32259,87,32260,0,32261,0
32261,1,32360,1,32361,946544,32361,320000,32362,0,32357,1574400,32358,1574400,32359,0,32360,0,32358,70,32359,63,32360,0,32360,0
32361,1,32460,1,32461,804517,32461,320000,32462,0,32457,1574400,32459,1574400,32460,0,32461,0,32458,50,32460,63,32460,0,32461,0
32461,1,32561,1,32561,903936,32562,320000,32563,0,32558,1574400,32559,1574400,32560,0,32561,0,32559,55,32560,72,32560,0,32561,0
32561,1,32661,1,32662,943898,32662,320000,32663,0,32658,1497600,32659,1574400,32661,0,32661,0,32659,50,32660,88,32661,0,32662,0
32662,1,32763,1,32764,712199,32765,320000,32765,0,32758,1574400,32760,1574400,32762,0,32763,0,32759,50,32761,50,32762,0,32764,0
32764,1,32862,1,32863,699633,32863,320000,32864,0,32859,1574400,32861,1497600,32862,0,32863,0,32860,42,32862,63,32862,0,32863,0
32863,1,32962,1,32963,996254,32963,320000,32965,0,32959,1574400,32961,1574400,32962,0,32963,0,32960,60,32962,80,32962,0,32963,0
32963,1,33064,1,33067,889733,33068,320000,33069,0,33060,1574400,33061,1574400,33063,0,33066,0,33061,63,33062,62,33064,0,33066,0
33067,1,33163,1,33164,1038862,33164,320000,33165,0,33160,1574400,33162,1574400,33163,0,33164,0,33161,66,33163,80,33163,0,33164,0
33164,1,33264,1,33264,804517,33265,320000,33267,0,33261,1574400,33262,1574400,33263,0,33264,0,33262,63,33263,50,33263,0,33264,0
33264,1,33364,1,33366,982051,33366,320000,33367,0,33361,1574400,33362,1574400,33363,0,33365,0,33362,63,33363,75,33364,0,33366,0
33366,1,33465,1,33466,925240,33466,320000,33466,0,33462,1574400,33463,1574400,33464,0,33465,0,33463,58,33464,72,33465,0,33465,0
33466,1,33566,1,33567,896834,33567,320000,33568,0,33562,1574400,33563,1574400,33565,0,33566,0,33563,60,33564,66,33566,0,33567,0
33567,1,33666,1,33667,1038862,33667,320000,33668,0,33662,1574400,33664,1574400,33665,0,33666,0,33663,66,33665,80,33666,0,33667,0
33667,1,33767,1,33768,818719,33768,320000,33769,0,33763,1574400,33764,1574400,33766,0,33767,0,33764,75,33765,40,33766,0,33767,0
33768,1,33867,1,33867,1061975,33868,320000,33868,0,33864,1574400,33865,1497600,33866,0,33867,0,33865,60,33866,100,33867,0,33867,0
33867,1,33967,1,33968,1053065,33968,320000,33969,0,33964,1574400,33966,1574400,33967,0,33967,0,33965,90,33966,58,33967,0,33968,0
33968,1,34067,1,34068,676692,34069,320000,34069,0,34064,1574400,34066,1574400,34067,0,34068,0,34065,50,34067,45,34067,0,34068,0
34068,1,34168,1,34169,1180889,34169,320000,34170,0,34165,1574400,34167,1574400,34168,0,34168,0,34166,66,34167,100,34168,0,34169,0
34169,1,34269,1,34270,1237700,34270,320000,34271,0,34265,1574400,34266,1574400,34267,1574400,34269,0,34266,60,34267,69,34269,45,34270,0
34270,1,34371,1,34372,1109875,34372,320000,34373,0,34365,1574400,34367,1574400,34369,1574400,34372,0,34366,33,34368,60,34371,63,34372,0
34372,1,34470,1,34471,598211,34472,320000,34472,0,34465,1267200,34467,1190400,34468,1267200,34471,0,34467,50,34468,33,34470,60,34471,0
34471,1,34572,1,34573,309139,34574,320000,34575,0,34566,960000,34568,960000,34570,960000,34572,0,34567,55,34569,55,34571,30,34573,0
34573,1,34670,1,34671,504003,34671,320000,34672,0,34666,1574400,34668,960000,34669,960000,34671,0,34667,33,34669,72,34670,50,34671,0
34671,1,34771,1,34771,516316,34772,320000,34772,0,34767,1574400,34768,960000,34769,960000,34771,0,34768,44,34769,72,34770,20,34771,0
34771,1,34871,1,34872,362777,34873,320000,34873,0,34867,1574400,34869,1574400,34870,960000,34871,0,34868,22,34869,22,34871,22,34872,0
34872,1,34972,1,34973,859048,34973,320000,34974,0,34968,1574400,34969,1574400,34970,960000,34972,0,34969,60,34970,44,34972,54,34973,0
34973,1,35072,1,35073,531375,35074,320000,35074,0,35068,1497600,35070,1036800,35071,960000,35073,0,35069,33,35071,66,35072,66,35073,0
35073,1,35172,1,35173,926935,35173,320000,35174,0,35168,1574400,35170,1574400,35171,960000,35172,0,35169,45,35171,63,35172,72,35173,0
35173,1,35272,1,35273,844628,35273,320000,35274,0,35269,1574400,35270,1574400,35271,960000,35273,0,35270,44,35271,66,35272,28,35273,0
35273,1,35373,1,35374,752419,35375,320000,35375,0,35369,1574400,35371,1574400,35372,960000,35374,0,35370,33,35372,60,35373,41,35374,0
35374,1,35474,1,35475,864926,35475,320000,35476,0,35470,1190400,35471,1574400,35473,960000,35474,0,35471,40,35472,87,35474,44,35475,0
35475,1,35577,1,35578,732701,35579,320000,35580,0,35570,960000,35572,1574400,35575,960000,35577,0,35572,55,35574,72,35576,45,35578,0
35578,1,35676,1,35677,484348,35677,320000,35678,0,35671,960000,35673,1574400,35674,960000,35676,0,35672,33,35674,50,35675,25,35677,0
35677,1,35777,1,35777,469212,35778,320000,35779,0,35771,960000,35773,1574400,35775,960000,35777,0,35773,41,35774,42,35776,36,35777,0
35778,1,35875,1,35876,933710,35876,320000,35877,0,35872,1574400,35873,1574400,35874,960000,35876,0,35873,66,35874,55,35875,33,35876,0
35876,1,35976,1,35976,942180,35977,320000,35977,0,35972,1574400,35973,1574400,35974,960000,35976,0,35973,37,35974,75,35976,66,35976,0
35977,1,36076,1,36077,773420,36077,320000,36078,0,36072,1574400,36074,1574400,36075,960000,36076,0,36073,37,36075,50,36076,70,36077,0
36077,1,36176,1,36177,772790,36177,320000,36178,0,36173,1574400,36174,1574400,36175,960000,36177,0,36174,36,36175,54,36176,60,36177,0
36177,1,36280,1,36282,327314,36283,320000,36284,0,36273,1036800,36275,1036800,36277,960000,36281,0,36275,50,36277,27,36279,55,36281,0
36282,1,36377,1,36378,713179,36378,320000,36379,0,36373,1574400,36375,1036800,36376,960000,36377,0,36374,81,36376,14,36377,45,36378,0
36378,1,36478,1,36478,542705,36479,320000,36479,0,36474,1497600,36475,960000,36477,960000,36478,0,36475,50,36476,77,36477,25,36478,0
36479,1,36578,1,36580,317563,36580,320000,36581,0,36574,1574400,36576,960000,36577,960000,36579,0,36575,33,36576,10,36578,27,36580,0
36580,1,36678,1,36679,1116977,36679,320000,36680,0,36674,1574400,36676,1574400,36677,1574400,36679,0,36676,22,36677,75,36678,60,36679,0
36679,1,36779,1,36779,847125,36780,320000,36780,0,36775,1574400,36777,1574400,36778,1574400,36779,0,36776,14,36777,50,36779,55,36779,0
36780,1,36882,1,36884,736471,36885,320000,36887,0,36875,960000,36877,1267200,36880,1574400,36883,0,36877,58,36880,80,36882,37,36884,0
36884,1,36981,1,36983,862393,36984,320000,36986,0,36976,960000,36978,1574400,36979,1574400,36981,0,36977,62,36979,40,36981,62,36983,0
36984,1,37082,1,37083,467749,37084,320000,37086,0,37076,960000,37078,1036800,37080,1190400,37083,0,37078,40,37080,50,37081,66,37083,0
37084,1,37180,1,37182,955280,37182,320000,37183,0,37177,960000,37178,1036800,37179,1574400,37181,960000,37178,90,37179,50,37180,80,37181,25
37182,1,37281,1,37283,532722,37283,320000,37284,0,37277,960000,37278,960000,37280,1497600,37281,960000,37278,33,37279,50,37281,55,37283,0
37283,1,37383,1,37385,368893,37385,320000,37386,0,37377,960000,37379,960000,37381,1497600,37383,960000,37379,45,37380,50,37382,25,37384,0
37385,1,37483,1,37484,593160,37485,320000,37486,0,37478,1574400,37479,1190400,37481,1574400,37483,0,37479,25,37480,54,37482,30,37484,0
37484,1,37582,1,37582,294061,37583,320000,37583,0,37578,1574400,37580,1190400,37581,0,37582,0,37579,27,37581,27,37581,0,37582,0
37583,1,37681,1,37682,840024,37682,320000,37683,0,37678,1574400,37680,1574400,37681,0,37681,0,37679,55,37680,63,37681,0,37682,0
37682,1,37781,1,37782,911037,37782,320000,37783,0,37778,1574400,37780,1574400,37781,0,37782,0,37779,53,37781,75,37781,0,37782,0
37782,1,37882,1,37883,982051,37883,320000,37883,0,37879,1574400,37880,1574400,37881,0,37882,0,37880,57,37881,81,37882,0,37882,0
37883,1,37982,1,37983,1195092,37983,320000,37984,0,37979,1574400,37980,1574400,37982,0,37982,0,37980,88,37981,80,37982,0,37983,0
37983,1,38083,1,38084,1060166,38084,320000,38085,0,38079,1574400,38081,1574400,38082,1574400,38084,0,38081,70,38082,72,38083,7,38084,0
38084,1,38184,1,38185,674413,38185,320000,38186,0,38180,1574400,38182,1574400,38183,960000,38185,0,38181,28,38183,50,38184,54,38185,0
38185,1,38285,1,38286,642760,38286,320000,38287,0,38281,1497600,38282,1190400,38284,1267200,38285,0,38282,40,38283,66,38285,33,38286,0
38286,1,38386,1,38386,721175,38387,320000,38387,0,38381,1497600,38383,1190400,38385,0,38386,0,38382,66,38384,81,38385,0,38386,0
38387,1,38484,1,38485,638539,38485,320000,38486,0,38481,1497600,38483,1574400,38484,0,38484,0,38482,50,38483,45,38484,0,38485,0
38485,1,38585,1,38587,825821,38587,320000,38588,0,38582,1574400,38583,1574400,38584,0,38586,0,38583,50,38584,66,38585,0,38587,0
38587,1,38685,1,38686,1003355,38687,320000,38688,0,38682,1574400,38683,1574400,38685,0,38686,0,38683,81,38684,60,38685,0,38686,0
38686,1,38786,1,38786,1031760,38787,320000,38787,0,38782,1574400,38784,1574400,38785,0,38786,0,38783,75,38785,70,38785,0,38786,0
38786,1,38887,1,38888,1252797,38888,320000,38889,0,38883,1574400,38884,1574400,38886,1267200,38887,0,38884,77,38885,87,38887,20,38888,0
38888,1,38990,1,38991,804517,38992,320000,38993,0,38983,1574400,38986,1574400,38988,960000,38990,0,38985,41,38987,72,38989,0,38991,0
38992,1,39089,1,39090,1054324,39090,320000,39091,0,39084,1574400,39085,1574400,39087,960000,39089,0,39085,54,39087,88,39088,20,39090,0
39090,1,39189,1,39190,854226,39191,320000,39192,0,39184,1574400,39186,1574400,39188,960000,39190,0,39186,33,39187,87,39189,0,39190,0
39190,1,39294,1,39295,488726,39296,320000,39297,0,39285,1190400,39290,1574400,39294,0,39295,0,39288,45,39291,45,39294,0,39295,0
39295,1,39388,1,39388,712199,39388,320000,39389,0,39385,1574400,39386,1574400,39387,0,39388,0,39386,28,39387,72,39387,0,39388,0
39388,1,39488,1,39489,813021,39489,320000,39489,0,39485,1497600,39486,1574400,39487,0,39488,0,39486,54,39487,66,39488,0,39488,0
39489,1,39588,1,39589,889080,39589,320000,39590,0,39586,1497600,39587,1574400,39588,0,39589,0,39586,66,39588,66,39588,0,39589,0
39589,1,39690,1,39690,964250,39691,320000,39691,0,39687,1190400,39688,1574400,39689,0,39690,0,39688,87,39689,90,39689,0,39690,0
39690,1,39791,1,39793,1060166,39794,320000,39794,0,39787,1574400,39788,1574400,39790,960000,39791,960000,39788,77,39789,72,39791,0,39793,0
39793,1,39891,1,39893,1074369,39894,320000,39894,0,39887,1574400,39889,1574400,39890,1574400,39891,960000,39889,33,39890,58,39891,60,39893,0
39893,1,39991,1,39993,1017558,39994,320000,39994,0,39988,1574400,39989,1574400,39990,1574400,39992,0,39989,50,39990,16,39991,77,39993,0
39993,1,40095,1,40096,417714,40098,320000,40099,0,40088,1190400,40090,960000,40092,1574400,40095,0,40090,36,40091,12,40094,36,40096,0
40096,1,40195,1,40197,426505,40198,320000,40199,0,40189,1190400,40191,960000,40194,0,40196,0,40190,70,40193,75,40195,0,40197,0
40197,1,40296,1,40298,814768,40299,320000,40299,0,40289,1574400,40291,960000,40294,1574400,40297,0,40290,88,40293,50,40296,11,40298,0
40298,1,40395,1,40396,464109,40397,320000,40397,0,40390,1574400,40392,960000,40394,960000,40396,0,40391,28,40393,66,40395,54,40396,0
40396,1,40497,1,40498,506868,40499,320000,40499,0,40491,1497600,40493,960000,40495,960000,40497,0,40493,44,40495,40,40496,63,40498,0
40498,1,40598,1,40600,659213,40601,320000,40602,0,40591,1497600,40594,960000,40596,960000,40600,0,40593,58,40595,70,40597,62,40600,0
40600,1,40695,1,40696,837355,40697,320000,40697,0,40691,960000,40693,960000,40694,1574400,40696,0,40693,76,40694,62,40695,75,40696,0
40696,1,40795,1,40796,528629,40797,320000,40797,0,40792,960000,40793,960000,40794,1574400,40796,0,40793,50,40794,12,40795,55,40796,0
40796,1,40896,1,40897,821239,40897,320000,40897,0,40892,1574400,40894,960000,40895,1574400,40896,0,40893,40,40894,40,40896,63,40896,0
40897,1,40996,1,40997,657278,40997,320000,40998,0,40993,1574400,40994,960000,40995,1574400,40997,0,40994,33,40995,30,40996,50,40997,0
40997,1,41097,1,41098,580446,41099,320000,41099,0,41093,960000,41095,960000,41096,1574400,41097,0,41094,55,41095,63,41097,45,41098,0
41098,1,41200,1,41202,676085,41203,320000,41203,0,41193,960000,41196,960000,41198,1574400,41201,0,41195,33,41197,25,41199,77,41202,0
41202,1,41300,1,41302,404898,41304,320000,41306,0,41294,960000,41296,960000,41298,1190400,41301,0,41296,37,41298,40,41300,63,41302,0
41304,1,41399,1,41399,530634,41400,320000,41400,0,41395,960000,41396,960000,41397,1190400,41399,0,41396,62,41397,30,41398,88,41399,0
41399,1,41499,1,41499,857376,41500,320000,41500,0,41495,1574400,41496,960000,41497,1574400,41499,0,41496,25,41497,50,41498,80,41499,0
41500,1,41599,1,41599,712331,41600,320000,41600,0,41595,1574400,41597,960000,41598,1574400,41599,0,41596,25,41597,81,41599,50,41599,0
41600,1,41701,1,41702,516649,41702,320000,41704,0,41696,1190400,41697,960000,41699,1267200,41701,0,41697,40,41699,55,41700,57,41701,0
41702,1,41803,1,41804,599425,41805,320000,41805,0,41796,1574400,41798,960000,41800,1574400,41804,0,41798,40,41800,36,41803,33,41804,0
41804,1,41904,1,41904,858636,41905,320000,41906,0,41896,1574400,41898,960000,41900,1574400,41904,0,41898,45,41899,70,41903,54,41904,0
41905,1,42000,1,42001,631805,42002,320000,42002,0,41997,1574400,41998,960000,41999,1574400,42001,0,41998,22,41999,54,42000,50,42001,0
42001,1,42103,1,42104,354184,42105,320000,42105,0,42097,960000,42099,960000,42101,1036800,42104,0,42099,50,42100,33,42103,64,42104,0
42104,1,42203,1,42203,670521,42204,320000,42205,0,42198,1574400,42199,960000,42201,1036800,42203,0,42199,55,42200,54,42202,60,42203,0
42203,1,42303,1,42304,462328,42305,320000,42305,0,42298,1574400,42300,960000,42302,960000,42304,0,42299,33,42301,45,42303,58,42304,0
42304,1,42404,1,42405,467345,42405,320000,42406,0,42399,1574400,42400,960000,42402,960000,42404,0,42400,30,42402,45,42404,70,42405,0
42405,1,42505,1,42505,1242522,42506,320000,42507,0,42499,1574400,42501,960000,42503,1574400,42505,0,42500,77,42502,54,42504,81,42505,0
42506,1,42605,1,42606,715979,42607,320000,42607,0,42600,1574400,42602,960000,42604,1574400,42606,0,42601,12,42603,60,42605,70,42606,0
42606,1,42704,1,42706,557229,42707,320000,42707,0,42700,1574400,42701,1574400,42703,960000,42705,0,42701,22,42702,50,42704,20,42706,0
42707,1,42807,1,42807,772790,42808,320000,42808,0,42800,1574400,42802,1574400,42805,960000,42807,0,42801,40,42804,50,42806,60,42807,0
42807,1,42907,1,42908,477546,42908,320000,42909,0,42901,1190400,42903,1267200,42907,0,42907,0,42902,55,42906,63,42907,0,42908,0
42908,1,43009,1,43011,417831,43011,320000,43012,0,43001,960000,43006,1267200,43008,0,43010,0,43006,60,43008,66,43009,0,43011,0
43011,1,43107,1,43108,780750,43108,320000,43109,0,43101,1574400,43103,1267200,43106,0,43107,0,43102,66,43106,72,43107,0,43108,0
43108,1,43206,1,43206,960747,43207,320000,43207,0,43202,1574400,43204,1574400,43205,0,43206,0,43203,54,43205,81,43205,0,43206,0
43206,1,43307,1,43308,1514264,43309,320000,43309,0,43303,1574400,43305,1574400,43306,960000,43307,960000,43304,87,43306,100,43307,66,43308,18
43309,1,43407,1,43408,1187990,43409,320000,43409,0,43403,1574400,43405,1574400,43406,960000,43407,960000,43404,87,43406,80,43407,0,43408,0
43408,1,43508,1,43509,840871,43509,320000,43510,0,43504,1574400,43505,1574400,43506,960000,43508,960000,43505,77,43506,30,43507,36,43509,0
43509,1,43609,1,43611,669591,43611,320000,43611,0,43604,1574400,43606,1574400,43607,1574400,43609,0,43606,22,43607,27,43608,45,43610,0
43611,1,43710,1,43711,635974,43712,320000,43712,0,43705,1574400,43707,960000,43709,1574400,43711,0,43706,0,43708,30,43710,80,43711,0
43711,1,43809,1,43811,482155,43811,320000,43812,0,43805,1574400,43807,960000,43809,0,43810,0,43807,50,43808,57,43809,0,43810,0
43811,1,43911,1,43912,610749,43913,320000,43914,0,43906,1497600,43907,960000,43909,0,43912,0,43907,77,43909,55,43910,0,43912,0
43912,1,44010,1,44011,623031,44013,320000,44014,0,44006,1574400,44008,960000,44009,0,44010,0,44007,72,44009,50,44010,0,44011,0
44011,1,44110,1,44111,572909,44113,320000,44114,0,44106,1574400,44108,960000,44110,0,44111,0,44108,60,44109,66,44110,0,44111,0
44112,1,44210,1,44210,996254,44211,320000,44211,0,44207,1574400,44208,1574400,44209,0,44210,0,44208,63,44209,77,44209,0,44210,0
44210,1,44321,1,44322,1344220,44322,320000,44323,0,44307,1574400,44310,1574400,44313,1574400,44322,0,44308,81,44312,66,44314,42,44322,0
44322,1,44411,1,44412,1280308,44412,320000,44413,0,44407,1574400,44409,1574400,44410,1574400,44411,0,44408,50,44410,55,44411,75,44412,0
44412,1,44512,1,44513,564330,44514,320000,44514,0,44508,1574400,44509,1574400,44511,960000,44513,0,44509,33,44510,40,44512,20,44513,0
44513,1,44613,1,44614,862696,44614,320000,44616,0,44608,1574400,44610,1574400,44611,960000,44613,0,44609,45,44611,66,44612,33,44614,0
44614,1,44714,1,44715,760579,44715,320000,44716,0,44708,1267200,44710,1497600,44712,960000,44714,0,44710,72,44711,50,44714,60,44715,0
44715,1,44815,1,44815,509804,44816,320000,44816,0,44809,960000,44810,1497600,44812,960000,44815,0,44810,37,44811,50,44815,50,44815,0
44816,1,44914,1,44915,775207,44915,320000,44916,0,44909,960000,44911,1267200,44913,1574400,44914,0,44911,70,44912,40,44914,63,44915,0
44915,1,45015,1,45016,572909,45017,320000,45017,0,45010,960000,45011,960000,45014,1574400,45016,0,45011,22,45013,44,45015,60,45016,0
45016,1,45116,1,45117,611978,45118,320000,45118,0,45110,960000,45113,960000,45115,1574400,45116,0,45112,50,45114,50,45116,55,45117,0
45117,1,45216,1,45217,565092,45217,320000,45218,0,45210,960000,45212,960000,45214,1574400,45216,0,45212,66,45214,45,45215,45,45217,0
45217,1,45315,1,45315,1152484,45316,320000,45316,0,45311,1574400,45312,1574400,45314,1574400,45315,0,45312,66,45313,30,45314,66,45315,0
45315,1,45415,1,45416,1131180,45416,320000,45416,0,45411,1574400,45413,1574400,45414,1574400,45415,0,45412,63,45413,30,45415,66,45416,0
45416,1,45516,1,45517,810345,45518,320000,45518,0,45511,1497600,45513,960000,45515,1574400,45517,0,45513,63,45514,44,45516,44,45517,0
45517,1,45615,1,45616,601423,45617,320000,45617,0,45612,960000,45613,960000,45614,1574400,45616,0,45613,25,45614,54,45615,60,45616,0
45616,1,45720,1,45721,287205,45721,320000,45723,0,45712,960000,45715,960000,45718,960000,45720,0,45714,50,45717,50,45719,30,45721,0
45721,1,45817,1,45818,712136,45818,320000,45818,0,45813,960000,45814,960000,45815,1574400,45817,0,45814,63,45815,60,45816,62,45817,0
45818,1,45919,1,45919,535899,45920,320000,45920,0,45913,960000,45914,960000,45917,1497600,45919,0,45914,40,45916,30,45918,60,45919,0
45919,1,46017,1,46018,753830,46018,320000,46019,0,46013,1574400,46015,960000,46016,1497600,46018,0,46015,53,46016,44,46017,44,46018,0
46018,1,46119,1,46120,693936,46121,320000,46121,0,46114,1574400,46116,1574400,46118,960000,46120,0,46115,50,46117,36,46119,37,46120,0
46120,1,46218,1,46219,1408133,46219,320000,46220,0,46214,1574400,46216,1574400,46217,1574400,46219,0,46216,44,46217,77,46218,77,46219,0
46219,1,46319,1,46320,675463,46321,320000,46321,0,46315,1497600,46316,1190400,46318,1190400,46320,0,46316,50,46317,66,46319,30,46320,0
46320,1,46419,1,46420,697998,46421,320000,46421,0,46415,1497600,46417,1190400,46418,1190400,46420,0,46416,60,46418,60,46419,25,46420,0
46420,1,46519,1,46520,320604,46520,320000,46521,0,46515,1574400,46517,960000,46518,960000,46519,0,46517,22,46518,30,46519,44,46520,0
46520,1,46619,1,46620,324361,46620,320000,46620,0,46616,1574400,46617,960000,46619,0,46619,0,46617,25,46618,66,46619,0,46620,0
46620,1,46720,1,46721,948181,46721,320000,46723,0,46717,1497600,46718,1574400,46720,0,46720,0,46718,63,46719,77,46720,0,46721,0
46721,1,46820,1,46821,929166,46821,320000,46821,0,46817,1497600,46818,1574400,46819,0,46820,0,46818,60,46819,77,46820,0,46820,0
46821,1,46921,1,46921,466905,46922,320000,46923,0,46917,1190400,46919,1574400,46920,0,46921,0,46919,20,46920,55,46920,0,46921,0
46921,1,47022,1,47023,896834,47023,320000,47024,0,47018,1574400,47020,1574400,47021,0,47023,0,47020,66,47021,60,47021,0,47023,0
47023,1,47121,1,47123,1124078,47123,320000,47124,0,47118,1574400,47120,1574400,47121,0,47121,0,47119,81,47120,77,47121,0,47123,0
47123,1,47221,1,47224,1081470,47225,320000,47225,0,47218,1574400,47220,1574400,47221,0,47221,0,47219,62,47220,90,47221,0,47222,0
47224,1,47324,1,47324,804517,47325,320000,47325,0,47319,1574400,47320,1574400,47323,0,47324,0,47320,50,47322,63,47323,0,47324,0
47324,1,47424,1,47424,840024,47425,320000,47425,0,47419,1574400,47421,1574400,47423,0,47424,0,47420,58,47421,60,47423,0,47424,0
47424,1,47524,1,47525,889080,47525,320000,47526,0,47520,1574400,47521,1497600,47522,0,47524,0,47521,66,47522,66,47523,0,47525,0
47525,1,47626,1,47627,982051,47627,320000,47628,0,47620,1574400,47621,1574400,47626,0,47626,0,47621,50,47625,88,47626,0,47627,0
47627,1,47724,1,47725,1472045,47726,320000,47726,0,47720,1574400,47722,1574400,47723,1574400,47725,0,47722,55,47723,75,47724,77,47725,0
47725,1,47827,1,47828,1351322,47829,320000,47829,0,47821,1574400,47822,1574400,47826,1574400,47828,0,47822,66,47826,44,47827,80,47828,0
47828,1,47927,1,47928,1138281,47928,320000,47929,0,47921,1574400,47923,1574400,47925,1574400,47927,0,47922,40,47924,40,47927,80,47928,0
47928,1,48026,1,48028,1429437,48028,320000,48029,0,48021,1574400,48023,1574400,48025,1574400,48027,0,48023,60,48025,66,48026,75,48027,0
48028,1,48129,1,48130,591825,48131,320000,48131,0,48122,960000,48125,960000,48127,1574400,48130,0,48124,54,48126,53,48129,50,48130,0
48130,1,48227,1,48228,821869,48228,320000,48228,0,48223,1574400,48224,960000,48226,1574400,48227,0,48224,40,48225,50,48227,60,48227,0
48228,1,48330,1,48331,498098,48332,320000,48333,0,48323,1190400,48326,960000,48328,1190400,48331,0,48326,37,48328,45,48329,70,48331,0
48331,1,48431,1,48433,331073,48434,320000,48435,0,48424,960000,48427,960000,48429,960000,48432,0,48426,54,48428,33,48430,63,48433,0
48433,1,48531,1,48535,394682,48535,320000,48536,0,48524,960000,48527,960000,48529,960000,48531,0,48526,77,48528,44,48530,58,48534,0
48535,1,48632,1,48636,383452,48637,320000,48637,0,48626,960000,48629,1574400,48631,0,48634,0,48628,12,48630,50,48631,0,48636,0
48636,1,48728,1,48729,832922,48729,320000,48730,0,48725,1574400,48727,1574400,48728,0,48728,0,48726,54,48727,63,48728,0,48729,0
48729,1,48829,1,48829,868429,48830,320000,48830,0,48825,1574400,48827,1574400,48828,0,48829,0,48827,42,48828,80,48828,0,48829,0
48829,1,48929,1,48930,630057,48930,320000,48931,0,48926,1267200,48927,1574400,48929,0,48930,0,48927,37,48928,66,48929,0,48930,0
48930,1,49034,1,49035,1395190,49036,320000,49036,0,49028,1574400,49029,1574400,49031,960000,49034,0,49029,100,49030,90,49032,20,49035,0
49035,1,49133,1,49134,796699,49135,320000,49135,0,49127,1574400,49129,1574400,49130,960000,49133,0,49128,44,49130,54,49132,45,49134,0
49134,1,49233,1,49234,859048,49235,320000,49237,0,49228,1574400,49230,1574400,49231,960000,49234,0,49229,50,49231,54,49233,54,49234,0
49235,1,49334,1,49335,449767,49335,320000,49336,0,49328,1190400,49330,960000,49332,960000,49334,0,49330,55,49331,45,49333,66,49335,0
49335,1,49435,1,49436,341658,49436,320000,49437,0,49428,1036800,49431,960000,49433,960000,49435,0,49430,37,49432,44,49434,66,49435,0
49436,1,49533,1,49534,778001,49534,320000,49534,0,49529,1574400,49530,960000,49532,1574400,49533,0,49530,50,49531,30,49533,50,49533,0
49534,1,49633,1,49634,1084511,49634,320000,49635,0,49629,1574400,49631,960000,49632,1574400,49633,0,49630,81,49632,37,49633,60,49634,0
49634,1,49735,1,49736,547957,49737,320000,49737,0,49730,1574400,49732,960000,49733,960000,49735,0,49731,50,49733,50,49735,37,49736,0
49736,1,49837,1,49837,690895,49838,320000,49839,0,49830,1574400,49831,1574400,49833,0,49837,0,49831,37,49832,60,49836,0,49837,0
49837,1,49935,1,49936,1152299,49936,320000,49939,0,49932,1497600,49933,1574400,49935,0,49935,0,49933,84,49934,87,49935,0,49936,0
49936,1,50036,1,50037,891102,50041,320000,50041,0,50032,1574400,50033,1574400,50035,960000,50037,0,50033,60,50035,55,50036,33,50037,0
50037,1,50137,1,50138,1088571,50138,320000,50141,0,50132,1574400,50133,1574400,50135,1574400,50137,0,50133,45,50134,45,50136,63,50138,0
50138,1,50236,1,50237,960747,50238,320000,50238,0,50233,1574400,50234,1574400,50235,1574400,50237,0,50234,30,50235,30,50236,75,50237,0
50237,1,50338,1,50339,674000,50339,320000,50342,0,50333,1574400,50335,960000,50336,1574400,50338,0,50334,37,50336,70,50338,36,50339,0
50339,1,50438,1,50438,690895,50439,320000,50439,0,50433,1574400,50435,1574400,50436,1574400,50438,0,50434,22,50436,63,50437,12,50438,0
50438,1,50539,1,50540,569980,50540,320000,50541,0,50534,1497600,50536,1267200,50538,960000,50539,0,50536,40,50537,45,50539,55,50540,0
50540,1,50639,1,50640,463833,50641,320000,50641,0,50634,1497600,50636,1267200,50638,960000,50640,0,50636,12,50638,58,50639,62,50640,0
50640,1,50740,1,50741,348004,50742,320000,50743,0,50735,1190400,50737,960000,50739,960000,50741,0,50736,40,50738,40,50740,50,50741,0
50741,1,50840,1,50841,841850,50842,320000,50842,0,50835,1574400,50837,960000,50839,960000,50841,0,50837,71,50838,63,50840,90,50841,0
50841,1,50940,1,50941,843173,50941,320000,50942,0,50936,1574400,50938,960000,50939,1574400,50940,0,50937,33,50939,50,50940,70,50941,0
50941,1,51041,1,51041,631175,51042,320000,51042,0,51037,1574400,51038,960000,51039,1574400,51041,0,51038,25,51039,44,51040,50,51041,0
51041,1,51141,1,51142,455748,51142,320000,51143,0,51137,960000,51139,960000,51140,1574400,51142,0,51139,50,51140,50,51141,33,51142,0
51142,1,51242,1,51243,742300,51243,320000,51244,0,51238,1574400,51240,960000,51241,1574400,51242,0,51239,28,51240,72,51242,54,51243,0
51243,1,51342,1,51343,556817,51343,320000,51344,0,51338,1574400,51340,960000,51341,1574400,51342,0,51339,40,51341,36,51342,27,51343,0
51343,1,51443,1,51444,796699,51445,320000,51446,0,51439,1574400,51440,960000,51441,1574400,51444,0,51440,54,51441,45,51443,44,51444,0
51444,1,51544,1,51545,576580,51546,320000,51547,0,51539,1574400,51541,960000,51542,960000,51545,0,51540,46,51542,50,51544,63,51545,0
51545,1,51646,1,51647,577926,51647,320000,51648,0,51640,1574400,51642,960000,51645,960000,51646,0,51641,57,51644,25,51646,53,51647,0
51647,1,51747,1,51748,524174,51749,320000,51749,0,51740,1497600,51743,960000,51745,960000,51747,0,51742,45,51745,66,51747,42,51748,0
51748,1,51849,1,51850,462677,51851,320000,51852,0,51843,960000,51845,960000,51847,960000,51850,0,51845,50,51847,80,51849,80,51850,0
51850,1,51948,1,51950,836181,51953,320000,51955,0,51943,960000,51945,1574400,51947,1574400,51949,0,51944,63,51946,44,51948,54,51950,0
51951,1,52049,1,52050,597970,52051,320000,52052,0,52043,960000,52046,960000,52048,1574400,52050,0,52045,25,52047,33,52049,66,52050,0
52051,1,52150,1,52151,368012,52151,320000,52152,0,52144,960000,52147,960000,52148,1574400,52150,0,52146,40,52148,20,52149,33,52150,0
52151,1,52249,1,52249,595885,52250,320000,52250,0,52244,1574400,52246,960000,52248,0,52249,0,52245,62,52248,70,52248,0,52249,0
52249,1,52347,1,52348,595668,52348,320000,52349,0,52344,1574400,52346,960000,52347,0,52348,0,52345,70,52347,44,52347,0,52348,0
52348,1,52448,1,52450,663772,52452,320000,52453,0,52445,1574400,52446,960000,52447,0,52449,0,52446,66,52447,88,52448,0,52450,0
52452,1,52551,1,52551,926935,52552,320000,52554,0,52545,1574400,52547,960000,52549,1574400,52551,0,52547,66,52548,72,52550,42,52551,0
52552,1,52653,1,52661,568328,52662,320000,52662,0,52646,1190400,52648,960000,52650,1267200,52654,0,52647,36,52650,50,52653,75,52655,0
52661,1,52753,1,52754,897814,52755,320000,52756,0,52748,960000,52750,960000,52752,1574400,52754,0,52750,40,52751,77,52753,90,52754,0
52755,1,52803,1,52804,234563,52805,320000,52805,0,52798,960000,52800,960000,52802,1574400,52804,0,52800,66,52801,40,52803,0,52804,0
52804,1,52905,1,52907,651242,52908,320000,52909,0,52899,960000,52901,960000,52903,1574400,52906,0,52900,55,52902,37,52905,63,52906,0
52907,1,53005,1,53005,634324,53006,320000,53007,0,53000,960000,53002,960000,53003,1574400,53005,0,53001,44,53003,50,53004,60,53005,0
53006,1,53106,1,53107,298888,53107,320000,53108,0,53100,960000,53102,960000,53104,1574400,53106,0,53102,36,53104,54,53105,14,53106,0
53107,1,53206,1,53207,484348,53208,320000,53209,0,53201,960000,53203,960000,53205,1574400,53207,0,53203,25,53204,33,53206,50,53207,0
53207,1,53305,1,53306,686554,53307,320000,53307,0,53301,960000,53303,960000,53304,1574400,53305,0,53302,64,53304,70,53305,55,53306,0
53306,1,53405,1,53406,456378,53406,320000,53407,0,53402,960000,53403,960000,53404,1574400,53406,0,53403,33,53404,77,53405,30,53406,0
53406,1,53506,1,53507,1031760,53507,320000,53508,0,53502,1574400,53504,1574400,53505,1574400,53506,0,53503,50,53505,83,53506,12,53507,0
53507,1,53607,1,53607,996254,53608,320000,53608,0,53603,1574400,53604,1574400,53605,1574400,53607,0,53604,14,53605,72,53606,54,53607,0
53607,1,53709,1,53709,625138,53710,320000,53711,0,53703,960000,53705,1574400,53706,960000,53709,0,53704,66,53706,55,53708,40,53709,0
53710,1,53810,1,53811,936533,53811,320000,53812,0,53804,1574400,53806,1574400,53808,960000,53810,0,53805,63,53808,55,53810,44,53811,0
53811,1,53910,1,53911,319345,53911,320000,53912,0,53904,1574400,53906,960000,53907,960000,53910,0,53905,28,53907,18,53909,36,53910,0
53911,1,54010,1,54011,540552,54011,320000,54012,0,54004,1574400,54006,960000,54008,960000,54010,0,54006,40,54007,40,54010,76,54011,0
54011,1,54110,1,54111,433105,54111,320000,54112,0,54105,1267200,54107,960000,54108,960000,54110,0,54106,40,54108,81,54110,37,54111,0
54111,1,54213,1,54214,344234,54215,320000,54216,0,54205,960000,54208,960000,54210,960000,54213,0,54207,55,54209,40,54212,61,54214,0
54214,1,54309,1,54310,939443,54310,320000,54310,0,54306,1574400,54307,1574400,54308,0,54309,0,54307,88,54308,44,54309,0,54309,0
54310,1,54409,1,54410,960747,54410,320000,54411,0,54406,1574400,54407,1574400,54409,0,54409,0,54407,50,54408,85,54409,0,54410,0
54410,1,54509,1,54510,835604,54510,320000,54511,0,54506,1267200,54508,1574400,54509,0,54510,0,54507,60,54509,81,54509,0,54510,0
54510,1,54610,1,54610,823581,54611,320000,54611,0,54607,1267200,54608,1574400,54609,0,54610,0,54608,77,54609,69,54610,0,54610,0
54611,1,54711,1,54712,1266105,54713,320000,54713,0,54707,1574400,54709,1574400,54710,0,54711,0,54708,88,54710,90,54711,0,54712,0
54712,1,54812,1,54812,1012151,54813,320000,54813,0,54808,1574400,54809,1574400,54810,960000,54812,0,54809,60,54810,60,54811,72,54812,0
54812,1,54912,1,54913,423454,54914,320000,54914,0,54908,1574400,54909,1574400,54911,960000,54912,0,54909,33,54910,18,54912,27,54913,0
54913,1,55012,1,55013,1195092,55013,320000,55014,0,55008,1574400,55010,1574400,55011,1574400,55012,0,55009,44,55011,36,55012,88,55013,0
55013,1,55115,1,55116,455606,55116,320000,55117,0,55109,1267200,55111,960000,55113,960000,55115,0,55110,60,55112,45,55114,44,55115,0
55116,1,55215,1,55216,287205,55217,320000,55218,0,55209,960000,55211,960000,55213,960000,55216,0,55211,33,55213,69,55215,28,55216,0
55216,1,55313,1,55314,710464,55314,320000,55315,0,55309,960000,55311,1574400,55312,960000,55313,0,55310,58,55312,63,55313,61,55314,0
55314,1,55414,1,55414,610197,55415,320000,55415,0,55410,960000,55411,1574400,55412,960000,55414,0,55411,50,55412,60,55413,33,55414,0
55414,1,55515,1,55516,558099,55517,320000,55517,0,55510,1574400,55512,960000,55514,960000,55516,0,55512,40,55513,58,55515,66,55516,0
55516,1,55617,1,55617,560184,55618,320000,55619,0,55611,1574400,55612,960000,55615,960000,55617,0,55612,44,55614,40,55616,72,55617,0
55618,1,55716,1,55717,1193660,55718,320000,55719,0,55711,1574400,55712,1574400,55714,960000,55716,0,55712,70,55713,70,55715,90,55717,0
55717,1,55815,1,55816,754807,55817,320000,55817,0,55811,1574400,55813,1574400,55814,1574400,55815,0,55812,33,55814,33,55815,40,55816,0
55816,1,55917,1,55918,615930,55919,320000,55920,0,55912,1574400,55913,960000,55915,1574400,55918,0,55913,55,55915,50,55917,16,55918,0
55918,1,56016,1,56017,361432,56018,320000,56018,0,56012,1574400,56014,960000,56015,0,56016,0,56013,33,56015,57,56016,0,56017,0
56017,1,56116,1,56117,615517,56118,320000,56118,0,56112,1574400,56114,960000,56116,0,56117,0,56114,66,56115,66,56116,0,56117,0
56117,1,56216,1,56217,1081470,56217,320000,56218,0,56213,1574400,56215,1574400,56216,0,56217,0,56214,80,56216,72,56216,0,56217,0
56217,1,56317,1,56317,866484,56318,320000,56318,0,56314,1574400,56315,1497600,56316,0,56317,0,56315,53,56316,77,56316,0,56317,0
56317,1,56417,1,56418,996254,56418,320000,56418,0,56414,1574400,56416,1574400,56417,0,56417,0,56415,60,56416,80,56417,0,56418,0
56418,1,56518,1,56519,1010456,56519,320000,56520,0,56515,1574400,56516,1574400,56518,0,56518,0,56516,70,56517,72,56518,0,56519,0
56519,1,56620,1,56621,832922,56621,320000,56622,0,56615,1574400,56617,1574400,56619,0,56620,0,56617,37,56618,80,56619,0,56620,0
56621,1,56719,1,56720,953645,56720,320000,56721,0,56716,1574400,56717,1574400,56719,0,56719,0,56717,72,56718,62,56719,0,56720,0
56720,1,56819,1,56820,861328,56821,320000,56821,0,56816,1574400,56818,1574400,56819,0,56819,0,56817,71,56818,50,56819,0,56820,0
56820,1,56920,1,56920,832922,56921,320000,56921,0,56917,1574400,56918,1574400,56919,0,56920,0,56918,55,56919,62,56919,0,56920,0
56920,1,57020,1,57020,740604,57021,320000,57022,0,57017,1574400,57018,1574400,57019,0,57020,0,57018,33,57019,71,57020,0,57020,0
57021,1,57121,1,57123,647189,57124,320000,57124,0,57117,1036800,57119,1574400,57121,0,57122,0,57119,37,57120,77,57121,0,57122,0
57123,1,57222,1,57224,654890,57225,320000,57226,0,57218,960000,57220,1574400,57221,0,57223,0,57219,71,57221,70,57222,0,57223,0
57224,1,57323,1,57324,693632,57325,320000,57326,0,57318,960000,57320,1574400,57321,0,57323,0,57320,66,57321,77,57322,0,57324,0
57324,1,57421,1,57422,925240,57423,320000,57424,0,57418,1574400,57420,1574400,57421,0,57422,0,57419,70,57420,60,57421,0,57422,0
57423,1,57522,1,57523,967848,57523,320000,57524,0,57519,1574400,57521,1574400,57522,0,57522,0,57520,55,57521,81,57522,0,57523,0
57523,1,57623,1,57623,925240,57624,320000,57625,0,57620,1574400,57621,1574400,57622,0,57623,0,57621,55,57622,75,57623,0,57623,0
57624,1,57723,1,57724,875530,57724,320000,57725,0,57720,1574400,57722,1574400,57723,0,57723,0,57721,60,57722,63,57723,0,57724,0
57724,1,57825,1,57825,932341,57826,320000,57826,0,57821,1574400,57822,1574400,57824,0,57825,0,57822,54,57823,77,57824,0,57825,0
57825,1,57924,1,57925,854226,57925,320000,57926,0,57921,1574400,57922,1574400,57924,0,57924,0,57922,60,57923,60,57924,0,57925,0
57925,1,58029,1,58031,960747,58032,320000,58032,0,58022,1574400,58024,1574400,58027,0,58029,0,58023,60,58025,75,58027,0,58031,0
58031,1,58127,1,58128,967848,58129,320000,58129,0,58123,1574400,58124,1574400,58126,0,58128,0,58124,55,58126,81,58127,0,58128,0
58128,1,58228,1,58228,996254,58229,320000,58229,0,58225,1574400,58226,1574400,58227,0,58228,0,58226,50,58227,90,58228,0,58228,0
58229,1,58329,1,58330,889733,58330,320000,58331,0,58326,1574400,58327,1574400,58329,0,58329,0,58327,63,58328,62,58329,0,58330,0
58330,1,58429,1,58430,825821,58430,320000,58431,0,58427,1574400,58428,1574400,58429,0,58430,0,58428,66,58429,50,58429,0,58430,0
58430,1,58530,1,58531,804517,58531,320000,58532,0,58527,1574400,58529,1574400,58530,0,58530,0,58528,33,58530,80,58530,0,58531,0
58531,1,58631,1,58632,939443,58632,320000,58633,0,58628,1574400,58630,1574400,58631,0,58631,0,58629,66,58630,66,58631,0,58632,0
58632,1,58734,1,58735,820404,58735,320000,58736,0,58729,1190400,58731,1574400,58733,0,58734,0,58731,54,58732,87,58733,0,58734,0
58735,1,58835,1,58835,736489,58836,320000,58836,0,58831,1190400,58832,1574400,58834,0,58835,0,58832,62,58834,71,58834,0,58835,0
58835,1,58934,1,58934,982051,58935,320000,58935,0,58931,1574400,58932,1574400,58933,0,58934,0,58932,66,58933,72,58934,0,58934,0
58934,1,59034,1,59035,591476,59035,320000,59036,0,59031,1574400,59033,1574400,59034,0,59034,0,59032,50,59033,33,59034,0,59035,0
59035,1,59135,1,59135,946544,59136,320000,59136,0,59132,1574400,59133,1574400,59134,0,59135,0,59133,70,59134,63,59134,0,59135,0
59135,1,59235,1,59236,1202193,59236,320000,59237,0,59232,1574400,59234,1574400,59235,0,59235,0,59233,88,59234,81,59235,0,59236,0
59236,1,59336,1,59337,1145382,59337,320000,59338,0,59333,1574400,59334,1574400,59335,1574400,59336,0,59334,69,59335,55,59336,37,59337,0
59337,1,59440,1,59441,699170,59442,320000,59443,0,59433,1574400,59435,1574400,59437,960000,59440,0,59435,50,59436,25,59439,75,59441,0
59441,1,59539,1,59539,719135,59540,320000,59540,0,59534,1497600,59535,1574400,59537,960000,59539,0,59535,12,59537,81,59538,30,59539,0
59539,1,59639,1,59639,876378,59640,320000,59640,0,59634,960000,59635,1574400,59637,1574400,59639,0,59635,36,59636,37,59638,75,59639,0
59639,1,59739,1,59740,622401,59741,320000,59741,0,59734,960000,59736,1574400,59737,1574400,59739,0,59735,40,59737,25,59738,50,59740,0
59740,1,59839,1,59840,420545,59841,320000,59842,0,59835,960000,59837,1574400,59838,0,59839,0,59836,71,59838,37,59839,0,59840,0
59840,1,59940,1,59941,495206,59943,320000,59946,0,59935,960000,59937,1574400,59939,0,59941,0,59937,50,59938,54,59940,0,59941,0
59942,1,60047,1,60050,834205,60050,320000,60055,0,60036,960000,60038,1574400,60045,0,60047,0,60037,88,60042,90,60046,0,60049,0
60050,1,60140,1,60141,1379727,60141,320000,60142,0,60137,1574400,60138,1574400,60139,1574400,60140,0,60138,70,60139,80,60140,44,60141,0
60141,1,60241,1,60241,810902,60243,320000,60244,0,60237,1574400,60238,1574400,60240,960000,60241,0,60238,40,60239,60,60240,45,60241,0
60241,1,60341,1,60342,900741,60342,320000,60343,0,60337,1497600,60339,1574400,60340,960000,60341,0,60338,45,60339,66,60341,66,60342,0
60342,1,60444,1,60446,406754,60447,320000,60449,0,60438,960000,60439,1574400,60441,960000,60444,0,60439,25,60441,40,60443,30,60446,0
60446,1,60541,1,60543,607234,60543,320000,60544,0,60538,1574400,60539,1190400,60540,960000,60542,0,60539,37,60540,55,60541,63,60542,0
60543,1,60643,1,60644,587438,60646,320000,60646,0,60638,1574400,60640,960000,60641,960000,60644,0,60639,50,60641,45,60642,60,60644,0
60645,1,60743,1,60744,370309,60745,320000,60746,0,60739,1267200,60740,960000,60742,960000,60744,0,60740,30,60742,37,60743,72,60744,0
60744,1,60844,1,60844,544840,60845,320000,60846,0,60839,1267200,60841,1267200,60842,1574400,60844,0,60840,25,60842,12,60843,54,60844,0
60845,1,60946,1,60948,1040257,60949,320000,60950,0,60939,1267200,60942,1574400,60944,1574400,60947,0,60941,63,60943,58,60946,50,60948,0
60948,1,61044,1,61046,1505312,61046,320000,61047,0,61040,1574400,61041,1267200,61043,1574400,61045,0,61041,88,61043,77,61044,77,61045,0
61046,1,61146,1,61147,876833,61148,320000,61149,0,61140,1574400,61142,1267200,61144,960000,61146,960000,61142,75,61143,54,61145,50,61147,0
61148,1,61246,1,61251,720408,61252,320000,61253,0,61241,1574400,61243,1267200,61244,960000,61246,960000,61242,40,61244,54,61246,70,61251,22
61252,1,61345,1,61347,630601,61347,320000,61348,0,61341,1574400,61343,1267200,61344,960000,61346,960000,61342,22,61343,72,61345,33,61347,41
61347,1,61448,1,61449,514765,61449,320000,61450,0,61441,1574400,61443,1267200,61446,960000,61448,0,61443,27,61445,45,61447,58,61448,0
61449,1,61548,1,61550,671612,61551,320000,61551,0,61542,1267200,61544,1267200,61546,960000,61549,0,61543,70,61545,58,61547,54,61549,0
61550,1,61647,1,61648,390128,61649,320000,61649,0,61642,1267200,61644,1267200,61646,960000,61647,0,61643,33,61645,50,61647,14,61648,0
61648,1,61747,1,61748,757327,61748,320000,61749,0,61742,1574400,61744,1574400,61745,960000,61747,0,61743,44,61745,50,61747,40,61748,0
61748,1,61849,1,61849,625670,61850,320000,61851,0,61843,1497600,61844,1267200,61846,960000,61849,0,61844,63,61846,20,61848,63,61849,0
61849,1,61948,1,61949,683892,61950,320000,61950,0,61943,1497600,61945,1267200,61946,960000,61949,0,61944,50,61946,44,61948,80,61949,0
61949,1,62049,1,62050,931953,62051,320000,62051,0,62043,1497600,62045,1267200,62047,960000,62050,0,62045,75,62047,75,62049,60,62050,0
62051,1,62149,1,62150,1479146,62150,320000,62151,0,62144,1574400,62146,1574400,62147,1574400,62149,0,62145,81,62147,77,62149,50,62150,0
62150,1,62250,1,62251,783305,62251,320000,62251,0,62244,1497600,62247,1267200,62248,1190400,62250,0,62246,60,62248,50,62249,50,62250,0
62251,1,62348,1,62349,833031,62349,200000,62350,0,62344,1267200,62346,1267200,62347,1574400,62349,0,62345,33,62347,33,62348,77,62349,0
62349,1,62450,1,62451,897222,62451,200000,62452,0,62445,1267200,62447,1267200,62448,1574400,62451,0,62446,54,62448,50,62450,63,62451,0
62451,1,62550,1,62551,630280,62552,200000,62552,0,62545,1267200,62547,1267200,62549,1574400,62551,0,62547,22,62548,20,62550,63,62551,0
62551,1,62650,1,62650,835157,62651,320000,62652,0,62646,1574400,62647,1267200,62649,1574400,62650,0,62647,50,62648,50,62649,37,62650,0
62650,1,62749,1,62750,486127,62751,320000,62751,0,62746,1574400,62748,1267200,62749,0,62750,0,62747,33,62748,58,62749,0,62750,0
62750,1,62850,1,62851,747129,62852,320000,62852,0,62847,1497600,62848,1267200,62849,0,62850,0,62848,70,62849,70,62850,0,62851,0
62851,1,62951,1,62951,964322,62952,320000,62953,0,62947,1267200,62948,1574400,62950,0,62951,0,62948,80,62950,87,62950,0,62951,0
62951,1,,,,,,,,,,,,,,,,,,,,,,,,
,,,,,,,,,,,,,,,,,,,,,,,,,
,,,,,,,,,,,,,,,,,,,,,,,,,
System Statistics:,,,,,,,,,,,,,,,,,,,,,,,,,
Sensor Id,Name,Type,Average,,,,,,,,,,,,,,,,,,,,,,
206,Battery Status,Battery Status,1,1,,,,,,,,,,,,,,,,,,,,,
331,Screen Brightness,Brightness,1,1,,,,,,,,,,,,,,,,,,,,,
332,Battery Power*,Power [uW],821707.2305,949017.7737,885362.5021,885.3625021,,,,,,,,,,,,,,,,,,,
400,GPU Frequency,GPU Frequency [KHz],319236.8839,314319.5266,316778.2053,316.78,,,,,,,,,,,,,,,,,,,
401,GPU Load,GPU Load [%],0,0,0,,,,,,,,,,,,,,,,,,,,
1000,CPU1 Frequency,CPU Frequency [kHz],1502728.14,1714665.089,1608696.614,,,,,,,,,,,,,,,,,,,,
1001,CPU2 Frequency,CPU Frequency [kHz],1353279.491,1382062.722,1367671.106,,,,,,,,,,,,,,,,,,,,
1002,CPU3 Frequency,CPU Frequency [kHz],751089.3482,822692.3077,786890.8279,,,,,,,,,,,,,,,,,,,,
1003,CPU4 Frequency,CPU Frequency [kHz],41208.26709,112075.7396,76642.00337,,,,,,,,,,,,,,,,,,,,
1096,CPU1 Load,CPU Load [%],51.89507154,42.36982249,47.13244701,,,,,,,,,,,,,,,,,,,,
1097,CPU2 Load,CPU Load [%],56.59936407,39.35650888,47.97793647,,,,,,,,,,,,,,,,,,,,
1098,CPU3 Load,CPU Load [%],29.86009539,33.8683432,31.86421929,,,,,,,,,,,,,,,,,,,,
1099,CPU4 Load,CPU Load [%],1.069952305,3.387573964,2.228763135,32.30084148,,,,,,,,,,,,,,,,,,,
